strategy,type,abbreviation,params,status,doc_id,document_type,input_file,source_path,tokenizer_model,number_of_chunks,empty_chunks,tokens_min,tokens_p25,tokens_median,tokens_mean,tokens_p75,tokens_max,tokens_std,tokens_total,tokens_original,tokens_ratio,execution_time_seconds,ram_before_mb,ram_after_mb,ram_increase_mb
content_density_adaptive_chunking,ContentDensityAdaptiveChunker,CDAC,"{""base_chunk_size"": 300}",completed,guideline_GUIDELINE - Byrne et al. - 2025 - CARCSACI Practice Guidance for Contrast Media Hypersensitivity,guideline,GUIDELINE - Byrne et al. - 2025 - CARCSACI Practice Guidance for Contrast Media Hypersensitivity.md,guideline\GUIDELINE - Byrne et al. - 2025 - CARCSACI Practice Guidance for Contrast Media Hypersensitivity.md,BAAI/bge-m3,153,0,36,134.0,148.0,157.24,170.0,522,50.39,24057,23749,1.013,0.331405,1243.02,1227.05,-15.97
dynamic_token_size_chunking,DynamicTokenSizeChunker,DFC,"{""min_chunk_size"": 150, ""max_chunk_size"": 512}",completed,guideline_GUIDELINE - Byrne et al. - 2025 - CARCSACI Practice Guidance for Contrast Media Hypersensitivity,guideline,GUIDELINE - Byrne et al. - 2025 - CARCSACI Practice Guidance for Contrast Media Hypersensitivity.md,guideline\GUIDELINE - Byrne et al. - 2025 - CARCSACI Practice Guidance for Contrast Media Hypersensitivity.md,BAAI/bge-m3,48,0,361,492.5,502.5,496.27,509.25,514,23.85,23821,23749,1.003,0.060522,1230.01,1241.61,11.61
fixed_character_chunking,FixedCharacterChunker,FCC,"{""chunk_size"": 2000, ""overlap"": 200}",completed,guideline_GUIDELINE - Byrne et al. - 2025 - CARCSACI Practice Guidance for Contrast Media Hypersensitivity,guideline,GUIDELINE - Byrne et al. - 2025 - CARCSACI Practice Guidance for Contrast Media Hypersensitivity.md,guideline\GUIDELINE - Byrne et al. - 2025 - CARCSACI Practice Guidance for Contrast Media Hypersensitivity.md,BAAI/bge-m3,50,0,137,471.25,502.5,530.74,618.75,699,102.1,26537,23749,1.117,0.059981,808.43,810.32,1.88
fixed_token_chunking,FixedTokenChunker,FC,"{""chunk_size"": 512, ""overlap"": 75}",completed,guideline_GUIDELINE - Byrne et al. - 2025 - CARCSACI Practice Guidance for Contrast Media Hypersensitivity,guideline,GUIDELINE - Byrne et al. - 2025 - CARCSACI Practice Guidance for Contrast Media Hypersensitivity.md,guideline\GUIDELINE - Byrne et al. - 2025 - CARCSACI Practice Guidance for Contrast Media Hypersensitivity.md,BAAI/bge-m3,55,0,151,514.0,514.0,507.56,514.0,515,48.52,27916,23749,1.175,0.051853,802.04,810.3,8.26
length_aware_chunking,LengthAwareChunker,LAC,"{""target_length"": 512, ""tolerance"": 50}",completed,guideline_GUIDELINE - Byrne et al. - 2025 - CARCSACI Practice Guidance for Contrast Media Hypersensitivity,guideline,GUIDELINE - Byrne et al. - 2025 - CARCSACI Practice Guidance for Contrast Media Hypersensitivity.md,guideline\GUIDELINE - Byrne et al. - 2025 - CARCSACI Practice Guidance for Contrast Media Hypersensitivity.md,BAAI/bge-m3,46,0,361,509.25,541.5,518.33,555.75,562,53.73,23843,23749,1.004,0.435217,1291.28,1287.18,-4.1
llm_boundary_detection_chunking,LLMBoundaryDetectionChunker,LBDC,"{""max_tokens"": 512, ""overlap_tokens"": 75}",completed,guideline_GUIDELINE - Byrne et al. - 2025 - CARCSACI Practice Guidance for Contrast Media Hypersensitivity,guideline,GUIDELINE - Byrne et al. - 2025 - CARCSACI Practice Guidance for Contrast Media Hypersensitivity.md,guideline\GUIDELINE - Byrne et al. - 2025 - CARCSACI Practice Guidance for Contrast Media Hypersensitivity.md,BAAI/bge-m3,50,0,265,544.75,563.5,545.98,576.0,584,53.61,27299,23749,1.149,0.74169,1292.74,1265.46,-27.28
overlapping_token_chunking,OverlappingTokenChunker,OFC,"{""chunk_size"": 512, ""overlap_size"": 75}",completed,guideline_GUIDELINE - Byrne et al. - 2025 - CARCSACI Practice Guidance for Contrast Media Hypersensitivity,guideline,GUIDELINE - Byrne et al. - 2025 - CARCSACI Practice Guidance for Contrast Media Hypersensitivity.md,guideline\GUIDELINE - Byrne et al. - 2025 - CARCSACI Practice Guidance for Contrast Media Hypersensitivity.md,BAAI/bge-m3,55,0,151,514.0,514.0,507.56,514.0,515,48.52,27916,23749,1.175,0.061493,812.17,812.73,0.56
paragraph_based_chunking,ParagraphBasedChunker,PBC,{},completed,guideline_GUIDELINE - Byrne et al. - 2025 - CARCSACI Practice Guidance for Contrast Media Hypersensitivity,guideline,GUIDELINE - Byrne et al. - 2025 - CARCSACI Practice Guidance for Contrast Media Hypersensitivity.md,guideline\GUIDELINE - Byrne et al. - 2025 - CARCSACI Practice Guidance for Contrast Media Hypersensitivity.md,BAAI/bge-m3,300,0,3,13.0,24.5,81.16,88.5,1083,136.65,24347,23749,1.025,0.054362,806.53,806.61,0.08
paragraph_group_chunking,ParagraphGroupChunker,PGC,"{""paragraphs_per_chunk"": 2, ""overlap"": 1}",completed,guideline_GUIDELINE - Byrne et al. - 2025 - CARCSACI Practice Guidance for Contrast Media Hypersensitivity,guideline,GUIDELINE - Byrne et al. - 2025 - CARCSACI Practice Guidance for Contrast Media Hypersensitivity.md,guideline\GUIDELINE - Byrne et al. - 2025 - CARCSACI Practice Guidance for Contrast Media Hypersensitivity.md,BAAI/bge-m3,299,0,9,32.5,82.0,158.05,219.5,2128,215.26,47257,23749,1.99,0.101298,805.63,805.64,0.0
parent_child_chunking,ParentChildChunker,PCC,"{""parent_chunk_size"": 512, ""child_chunk_size"": 175, ""chunk_overlap"": 75}",completed,guideline_GUIDELINE - Byrne et al. - 2025 - CARCSACI Practice Guidance for Contrast Media Hypersensitivity,guideline,GUIDELINE - Byrne et al. - 2025 - CARCSACI Practice Guidance for Contrast Media Hypersensitivity.md,guideline\GUIDELINE - Byrne et al. - 2025 - CARCSACI Practice Guidance for Contrast Media Hypersensitivity.md,BAAI/bge-m3,332,0,5,87.75,135.0,164.89,161.25,510,131.21,54744,23749,2.305,0.470354,806.84,806.84,0.0
recursive_chunking,RecursiveChunker,RC,"{""chunk_size"": 2000, ""chunk_overlap"": 200}",completed,guideline_GUIDELINE - Byrne et al. - 2025 - CARCSACI Practice Guidance for Contrast Media Hypersensitivity,guideline,GUIDELINE - Byrne et al. - 2025 - CARCSACI Practice Guidance for Contrast Media Hypersensitivity.md,guideline\GUIDELINE - Byrne et al. - 2025 - CARCSACI Practice Guidance for Contrast Media Hypersensitivity.md,BAAI/bge-m3,56,0,188,361.75,442.0,440.14,512.0,671,115.71,24648,23749,1.038,0.049072,807.7,802.62,-5.08
recursive_token_fallback_chunking,RecursiveTokenChunker,RTF,"{""chunk_size"": 512, ""chunk_overlap"": 75}",completed,guideline_GUIDELINE - Byrne et al. - 2025 - CARCSACI Practice Guidance for Contrast Media Hypersensitivity,guideline,GUIDELINE - Byrne et al. - 2025 - CARCSACI Practice Guidance for Contrast Media Hypersensitivity.md,guideline\GUIDELINE - Byrne et al. - 2025 - CARCSACI Practice Guidance for Contrast Media Hypersensitivity.md,BAAI/bge-m3,63,0,64,351.5,445.0,400.57,484.0,510,112.78,25236,23749,1.063,0.192199,805.5,805.75,0.24
semantic_boundary_detection,SemanticBoundaryChunker,SBDC,"{""breakpoint_threshold_amount"": 80.0, ""buffer_size"": 1, ""embedding_model"": ""sentence-transformers/all-MiniLM-L6-v2""}",completed,guideline_GUIDELINE - Byrne et al. - 2025 - CARCSACI Practice Guidance for Contrast Media Hypersensitivity,guideline,GUIDELINE - Byrne et al. - 2025 - CARCSACI Practice Guidance for Contrast Media Hypersensitivity.md,guideline\GUIDELINE - Byrne et al. - 2025 - CARCSACI Practice Guidance for Contrast Media Hypersensitivity.md,BAAI/bge-m3,181,0,5,11.0,62.0,133.2,80.0,7337,590.52,24109,23749,1.015,7.521597,1139.99,1214.97,74.98
semantic_embedding_based_chunking,SemanticEmbeddingChunker,SEBC,"{""breakpoint_threshold_amount"": 70.0, ""embedding_model"": ""sentence-transformers/all-MiniLM-L6-v2""}",completed,guideline_GUIDELINE - Byrne et al. - 2025 - CARCSACI Practice Guidance for Contrast Media Hypersensitivity,guideline,GUIDELINE - Byrne et al. - 2025 - CARCSACI Practice Guidance for Contrast Media Hypersensitivity.md,guideline\GUIDELINE - Byrne et al. - 2025 - CARCSACI Practice Guidance for Contrast Media Hypersensitivity.md,BAAI/bge-m3,271,0,6,18.0,28.0,89.63,55.0,4951,368.65,24289,23749,1.023,7.873278,815.05,956.36,141.3
semantic_similarity_threshold_chunking,SemanticSimilarityThresholdChunker,SSTC,"{""threshold"": 0.5, ""embedding_model"": ""sentence-transformers/all-MiniLM-L6-v2""}",completed,guideline_GUIDELINE - Byrne et al. - 2025 - CARCSACI Practice Guidance for Contrast Media Hypersensitivity,guideline,GUIDELINE - Byrne et al. - 2025 - CARCSACI Practice Guidance for Contrast Media Hypersensitivity.md,guideline\GUIDELINE - Byrne et al. - 2025 - CARCSACI Practice Guidance for Contrast Media Hypersensitivity.md,BAAI/bge-m3,647,0,3,12.0,24.0,38.71,34.0,677,65.0,25045,23749,1.055,3.892185,989.68,1079.72,90.04
semantic_variance_adaptive_chunking,SemanticVarianceAdaptiveChunker,SVAC,"{""sensitivity"": 0.2, ""window_size"": 5, ""embedding_model"": ""sentence-transformers/all-MiniLM-L6-v2""}",completed,guideline_GUIDELINE - Byrne et al. - 2025 - CARCSACI Practice Guidance for Contrast Media Hypersensitivity,guideline,GUIDELINE - Byrne et al. - 2025 - CARCSACI Practice Guidance for Contrast Media Hypersensitivity.md,guideline\GUIDELINE - Byrne et al. - 2025 - CARCSACI Practice Guidance for Contrast Media Hypersensitivity.md,BAAI/bge-m3,88,0,4,37.75,144.5,271.9,370.0,1522,320.56,23927,23749,1.007,3.856131,1219.75,1306.85,87.1
sentence_based_chunking,SentenceBasedChunker,SBC,{},completed,guideline_GUIDELINE - Byrne et al. - 2025 - CARCSACI Practice Guidance for Contrast Media Hypersensitivity,guideline,GUIDELINE - Byrne et al. - 2025 - CARCSACI Practice Guidance for Contrast Media Hypersensitivity.md,guideline\GUIDELINE - Byrne et al. - 2025 - CARCSACI Practice Guidance for Contrast Media Hypersensitivity.md,BAAI/bge-m3,736,0,3,13.0,25.0,34.27,36.0,522,42.78,25223,23749,1.062,0.106983,809.45,811.66,2.2
sentence_group_chunking,SentenceGroupChunker,SGC,"{""sentences_per_chunk"": 10, ""overlap"": 2}",completed,guideline_GUIDELINE - Byrne et al. - 2025 - CARCSACI Practice Guidance for Contrast Media Hypersensitivity,guideline,GUIDELINE - Byrne et al. - 2025 - CARCSACI Practice Guidance for Contrast Media Hypersensitivity.md,guideline\GUIDELINE - Byrne et al. - 2025 - CARCSACI Practice Guidance for Contrast Media Hypersensitivity.md,BAAI/bge-m3,92,0,138,174.75,212.0,319.01,380.0,1359,244.43,29349,23749,1.236,0.072364,802.22,804.13,1.91
sliding_window_token_chunking,SlidingWindowTokenChunker,SWC,"{""window_size"": 512, ""step_size"": 75}",completed,guideline_GUIDELINE - Byrne et al. - 2025 - CARCSACI Practice Guidance for Contrast Media Hypersensitivity,guideline,GUIDELINE - Byrne et al. - 2025 - CARCSACI Practice Guidance for Contrast Media Hypersensitivity.md,guideline\GUIDELINE - Byrne et al. - 2025 - CARCSACI Practice Guidance for Contrast Media Hypersensitivity.md,BAAI/bge-m3,311,0,499,514.0,514.0,514.12,514.0,515,0.96,159892,23749,6.733,0.088203,813.75,813.93,0.18
topic_based_chunking,TopicBasedChunker,TBC,"{""distance_threshold"": 0.4, ""embedding_model"": ""sentence-transformers/all-MiniLM-L6-v2""}",completed,guideline_GUIDELINE - Byrne et al. - 2025 - CARCSACI Practice Guidance for Contrast Media Hypersensitivity,guideline,GUIDELINE - Byrne et al. - 2025 - CARCSACI Practice Guidance for Contrast Media Hypersensitivity.md,guideline\GUIDELINE - Byrne et al. - 2025 - CARCSACI Practice Guidance for Contrast Media Hypersensitivity.md,BAAI/bge-m3,284,0,3,17.0,31.0,85.63,63.5,2116,193.57,24319,23749,1.024,3.71832,1039.5,1132.61,93.11
content_density_adaptive_chunking,ContentDensityAdaptiveChunker,CDAC,"{""base_chunk_size"": 300}",completed,guideline_GUIDELINE - Cardona et al. - 2020 - World Allergy Organization Anaphylaxis Guidance 2020,guideline,GUIDELINE - Cardona et al. - 2020 - World Allergy Organization Anaphylaxis Guidance 2020.md,guideline\GUIDELINE - Cardona et al. - 2020 - World Allergy Organization Anaphylaxis Guidance 2020.md,BAAI/bge-m3,145,0,7,136.0,148.0,159.12,165.0,633,73.57,23073,22787,1.013,0.301117,1227.34,1227.45,0.11
dynamic_token_size_chunking,DynamicTokenSizeChunker,DFC,"{""min_chunk_size"": 150, ""max_chunk_size"": 512}",completed,guideline_GUIDELINE - Cardona et al. - 2020 - World Allergy Organization Anaphylaxis Guidance 2020,guideline,GUIDELINE - Cardona et al. - 2020 - World Allergy Organization Anaphylaxis Guidance 2020.md,guideline\GUIDELINE - Cardona et al. - 2020 - World Allergy Organization Anaphylaxis Guidance 2020.md,BAAI/bge-m3,47,0,132,487.0,502.0,486.79,510.0,514,58.56,22879,22787,1.004,0.056344,1242.18,1243.83,1.65
fixed_character_chunking,FixedCharacterChunker,FCC,"{""chunk_size"": 2000, ""overlap"": 200}",completed,guideline_GUIDELINE - Cardona et al. - 2020 - World Allergy Organization Anaphylaxis Guidance 2020,guideline,GUIDELINE - Cardona et al. - 2020 - World Allergy Organization Anaphylaxis Guidance 2020.md,guideline\GUIDELINE - Cardona et al. - 2020 - World Allergy Organization Anaphylaxis Guidance 2020.md,BAAI/bge-m3,47,0,419,483.0,512.0,540.57,623.0,699,81.24,25407,22787,1.115,0.092331,810.94,811.03,0.09
fixed_token_chunking,FixedTokenChunker,FC,"{""chunk_size"": 512, ""overlap"": 75}",completed,guideline_GUIDELINE - Cardona et al. - 2020 - World Allergy Organization Anaphylaxis Guidance 2020,guideline,GUIDELINE - Cardona et al. - 2020 - World Allergy Organization Anaphylaxis Guidance 2020.md,guideline\GUIDELINE - Cardona et al. - 2020 - World Allergy Organization Anaphylaxis Guidance 2020.md,BAAI/bge-m3,52,0,500,514.0,514.0,513.88,514.0,515,1.98,26722,22787,1.173,0.052618,810.36,812.29,1.93
length_aware_chunking,LengthAwareChunker,LAC,"{""target_length"": 512, ""tolerance"": 50}",completed,guideline_GUIDELINE - Cardona et al. - 2020 - World Allergy Organization Anaphylaxis Guidance 2020,guideline,GUIDELINE - Cardona et al. - 2020 - World Allergy Organization Anaphylaxis Guidance 2020.md,guideline\GUIDELINE - Cardona et al. - 2020 - World Allergy Organization Anaphylaxis Guidance 2020.md,BAAI/bge-m3,46,0,47,486.0,538.0,497.33,553.0,633,103.06,22877,22787,1.004,0.479365,1287.26,1287.66,0.4
llm_boundary_detection_chunking,LLMBoundaryDetectionChunker,LBDC,"{""max_tokens"": 512, ""overlap_tokens"": 75}",completed,guideline_GUIDELINE - Cardona et al. - 2020 - World Allergy Organization Anaphylaxis Guidance 2020,guideline,GUIDELINE - Cardona et al. - 2020 - World Allergy Organization Anaphylaxis Guidance 2020.md,guideline\GUIDELINE - Cardona et al. - 2020 - World Allergy Organization Anaphylaxis Guidance 2020.md,BAAI/bge-m3,48,0,144,550.25,567.5,546.19,577.0,584,74.35,26217,22787,1.151,0.790562,1265.46,1265.66,0.2
overlapping_token_chunking,OverlappingTokenChunker,OFC,"{""chunk_size"": 512, ""overlap_size"": 75}",completed,guideline_GUIDELINE - Cardona et al. - 2020 - World Allergy Organization Anaphylaxis Guidance 2020,guideline,GUIDELINE - Cardona et al. - 2020 - World Allergy Organization Anaphylaxis Guidance 2020.md,guideline\GUIDELINE - Cardona et al. - 2020 - World Allergy Organization Anaphylaxis Guidance 2020.md,BAAI/bge-m3,52,0,500,514.0,514.0,513.88,514.0,515,1.98,26722,22787,1.173,0.052919,800.66,810.86,10.2
paragraph_based_chunking,ParagraphBasedChunker,PBC,{},completed,guideline_GUIDELINE - Cardona et al. - 2020 - World Allergy Organization Anaphylaxis Guidance 2020,guideline,GUIDELINE - Cardona et al. - 2020 - World Allergy Organization Anaphylaxis Guidance 2020.md,guideline\GUIDELINE - Cardona et al. - 2020 - World Allergy Organization Anaphylaxis Guidance 2020.md,BAAI/bge-m3,193,0,4,25.0,61.0,120.06,130.0,1037,185.99,23171,22787,1.017,0.051834,806.64,806.64,-0.0
paragraph_group_chunking,ParagraphGroupChunker,PGC,"{""paragraphs_per_chunk"": 2, ""overlap"": 1}",completed,guideline_GUIDELINE - Cardona et al. - 2020 - World Allergy Organization Anaphylaxis Guidance 2020,guideline,GUIDELINE - Cardona et al. - 2020 - World Allergy Organization Anaphylaxis Guidance 2020.md,guideline\GUIDELINE - Cardona et al. - 2020 - World Allergy Organization Anaphylaxis Guidance 2020.md,BAAI/bge-m3,192,0,16,91.75,152.0,239.05,258.25,2029,336.54,45898,22787,2.014,0.086097,805.64,805.63,-0.0
parent_child_chunking,ParentChildChunker,PCC,"{""parent_chunk_size"": 512, ""child_chunk_size"": 175, ""chunk_overlap"": 75}",completed,guideline_GUIDELINE - Cardona et al. - 2020 - World Allergy Organization Anaphylaxis Guidance 2020,guideline,GUIDELINE - Cardona et al. - 2020 - World Allergy Organization Anaphylaxis Guidance 2020.md,guideline\GUIDELINE - Cardona et al. - 2020 - World Allergy Organization Anaphylaxis Guidance 2020.md,BAAI/bge-m3,330,0,6,91.0,129.5,164.87,164.0,502,125.12,54407,22787,2.388,0.457346,806.84,804.45,-2.39
recursive_chunking,RecursiveChunker,RC,"{""chunk_size"": 2000, ""chunk_overlap"": 200}",completed,guideline_GUIDELINE - Cardona et al. - 2020 - World Allergy Organization Anaphylaxis Guidance 2020,guideline,GUIDELINE - Cardona et al. - 2020 - World Allergy Organization Anaphylaxis Guidance 2020.md,guideline\GUIDELINE - Cardona et al. - 2020 - World Allergy Organization Anaphylaxis Guidance 2020.md,BAAI/bge-m3,53,0,226,366.0,447.0,443.06,510.0,678,112.99,23482,22787,1.03,0.045352,803.91,804.23,0.32
recursive_token_fallback_chunking,RecursiveTokenChunker,RTF,"{""chunk_size"": 512, ""chunk_overlap"": 75}",completed,guideline_GUIDELINE - Cardona et al. - 2020 - World Allergy Organization Anaphylaxis Guidance 2020,guideline,GUIDELINE - Cardona et al. - 2020 - World Allergy Organization Anaphylaxis Guidance 2020.md,guideline\GUIDELINE - Cardona et al. - 2020 - World Allergy Organization Anaphylaxis Guidance 2020.md,BAAI/bge-m3,64,0,20,322.0,447.5,379.72,476.75,502,128.32,24302,22787,1.066,0.185899,805.75,805.82,0.07
semantic_boundary_detection,SemanticBoundaryChunker,SBDC,"{""breakpoint_threshold_amount"": 80.0, ""buffer_size"": 1, ""embedding_model"": ""sentence-transformers/all-MiniLM-L6-v2""}",completed,guideline_GUIDELINE - Cardona et al. - 2020 - World Allergy Organization Anaphylaxis Guidance 2020,guideline,GUIDELINE - Cardona et al. - 2020 - World Allergy Organization Anaphylaxis Guidance 2020.md,guideline\GUIDELINE - Cardona et al. - 2020 - World Allergy Organization Anaphylaxis Guidance 2020.md,BAAI/bge-m3,202,0,3,14.5,49.0,114.8,61.75,5730,491.64,23189,22787,1.018,5.983961,1216.11,1190.39,-25.72
semantic_embedding_based_chunking,SemanticEmbeddingChunker,SEBC,"{""breakpoint_threshold_amount"": 70.0, ""embedding_model"": ""sentence-transformers/all-MiniLM-L6-v2""}",completed,guideline_GUIDELINE - Cardona et al. - 2020 - World Allergy Organization Anaphylaxis Guidance 2020,guideline,GUIDELINE - Cardona et al. - 2020 - World Allergy Organization Anaphylaxis Guidance 2020.md,guideline\GUIDELINE - Cardona et al. - 2020 - World Allergy Organization Anaphylaxis Guidance 2020.md,BAAI/bge-m3,303,0,4,5.0,26.0,77.2,53.0,6265,427.83,23391,22787,1.027,6.153455,958.06,944.49,-13.57
semantic_similarity_threshold_chunking,SemanticSimilarityThresholdChunker,SSTC,"{""threshold"": 0.5, ""embedding_model"": ""sentence-transformers/all-MiniLM-L6-v2""}",completed,guideline_GUIDELINE - Cardona et al. - 2020 - World Allergy Organization Anaphylaxis Guidance 2020,guideline,GUIDELINE - Cardona et al. - 2020 - World Allergy Organization Anaphylaxis Guidance 2020.md,guideline\GUIDELINE - Cardona et al. - 2020 - World Allergy Organization Anaphylaxis Guidance 2020.md,BAAI/bge-m3,819,0,3,8.0,13.0,29.82,25.0,694,67.29,24423,22787,1.072,2.947264,1080.5,1019.66,-60.84
semantic_variance_adaptive_chunking,SemanticVarianceAdaptiveChunker,SVAC,"{""sensitivity"": 0.2, ""window_size"": 5, ""embedding_model"": ""sentence-transformers/all-MiniLM-L6-v2""}",completed,guideline_GUIDELINE - Cardona et al. - 2020 - World Allergy Organization Anaphylaxis Guidance 2020,guideline,GUIDELINE - Cardona et al. - 2020 - World Allergy Organization Anaphylaxis Guidance 2020.md,guideline\GUIDELINE - Cardona et al. - 2020 - World Allergy Organization Anaphylaxis Guidance 2020.md,BAAI/bge-m3,89,0,4,44.0,147.0,258.01,394.0,1368,277.02,22963,22787,1.008,3.101423,1307.57,1266.44,-41.13
sentence_based_chunking,SentenceBasedChunker,SBC,{},completed,guideline_GUIDELINE - Cardona et al. - 2020 - World Allergy Organization Anaphylaxis Guidance 2020,guideline,GUIDELINE - Cardona et al. - 2020 - World Allergy Organization Anaphylaxis Guidance 2020.md,guideline\GUIDELINE - Cardona et al. - 2020 - World Allergy Organization Anaphylaxis Guidance 2020.md,BAAI/bge-m3,912,0,3,8.0,14.0,26.98,27.0,633,46.97,24609,22787,1.08,0.075009,812.2,812.27,0.07
sentence_group_chunking,SentenceGroupChunker,SGC,"{""sentences_per_chunk"": 10, ""overlap"": 2}",completed,guideline_GUIDELINE - Cardona et al. - 2020 - World Allergy Organization Anaphylaxis Guidance 2020,guideline,GUIDELINE - Cardona et al. - 2020 - World Allergy Organization Anaphylaxis Guidance 2020.md,guideline\GUIDELINE - Cardona et al. - 2020 - World Allergy Organization Anaphylaxis Guidance 2020.md,BAAI/bge-m3,114,0,72,111.0,129.0,254.38,252.5,1414,272.96,28999,22787,1.273,0.067203,804.94,805.61,0.68
sliding_window_token_chunking,SlidingWindowTokenChunker,SWC,"{""window_size"": 512, ""step_size"": 75}",completed,guideline_GUIDELINE - Cardona et al. - 2020 - World Allergy Organization Anaphylaxis Guidance 2020,guideline,GUIDELINE - Cardona et al. - 2020 - World Allergy Organization Anaphylaxis Guidance 2020.md,guideline\GUIDELINE - Cardona et al. - 2020 - World Allergy Organization Anaphylaxis Guidance 2020.md,BAAI/bge-m3,298,0,512,514.0,514.0,514.14,514.0,515,0.44,153215,22787,6.724,0.086217,801.32,811.5,10.17
topic_based_chunking,TopicBasedChunker,TBC,"{""distance_threshold"": 0.4, ""embedding_model"": ""sentence-transformers/all-MiniLM-L6-v2""}",completed,guideline_GUIDELINE - Cardona et al. - 2020 - World Allergy Organization Anaphylaxis Guidance 2020,guideline,GUIDELINE - Cardona et al. - 2020 - World Allergy Organization Anaphylaxis Guidance 2020.md,guideline\GUIDELINE - Cardona et al. - 2020 - World Allergy Organization Anaphylaxis Guidance 2020.md,BAAI/bge-m3,300,0,3,16.0,27.0,77.95,50.0,4233,290.39,23385,22787,1.026,2.659599,1133.2,1120.08,-13.12
content_density_adaptive_chunking,ContentDensityAdaptiveChunker,CDAC,"{""base_chunk_size"": 300}",completed,guideline_GUIDELINE - Leech et al. - 2021 - BSACI 2021 guideline for the management of egg allergy,guideline,GUIDELINE - Leech et al. - 2021 - BSACI 2021 guideline for the management of egg allergy.md,guideline\GUIDELINE - Leech et al. - 2021 - BSACI 2021 guideline for the management of egg allergy.md,BAAI/bge-m3,156,0,16,138.0,149.0,160.44,170.25,482,59.67,25028,24718,1.013,0.312717,1227.45,1227.45,0.0
dynamic_token_size_chunking,DynamicTokenSizeChunker,DFC,"{""min_chunk_size"": 150, ""max_chunk_size"": 512}",completed,guideline_GUIDELINE - Leech et al. - 2021 - BSACI 2021 guideline for the management of egg allergy,guideline,GUIDELINE - Leech et al. - 2021 - BSACI 2021 guideline for the management of egg allergy.md,guideline\GUIDELINE - Leech et al. - 2021 - BSACI 2021 guideline for the management of egg allergy.md,BAAI/bge-m3,51,0,40,490.5,500.0,486.65,507.5,513,66.36,24819,24718,1.004,0.060845,1243.89,1244.89,1.0
fixed_character_chunking,FixedCharacterChunker,FCC,"{""chunk_size"": 2000, ""overlap"": 200}",completed,guideline_GUIDELINE - Leech et al. - 2021 - BSACI 2021 guideline for the management of egg allergy,guideline,GUIDELINE - Leech et al. - 2021 - BSACI 2021 guideline for the management of egg allergy.md,guideline\GUIDELINE - Leech et al. - 2021 - BSACI 2021 guideline for the management of egg allergy.md,BAAI/bge-m3,51,0,159,504.0,526.0,541.67,622.5,684,85.09,27625,24718,1.118,0.051805,811.08,811.16,0.08
fixed_token_chunking,FixedTokenChunker,FC,"{""chunk_size"": 512, ""overlap"": 75}",completed,guideline_GUIDELINE - Leech et al. - 2021 - BSACI 2021 guideline for the management of egg allergy,guideline,GUIDELINE - Leech et al. - 2021 - BSACI 2021 guideline for the management of egg allergy.md,guideline\GUIDELINE - Leech et al. - 2021 - BSACI 2021 guideline for the management of egg allergy.md,BAAI/bge-m3,57,0,246,514.0,514.0,509.35,514.0,515,35.19,29033,24718,1.175,0.057736,812.34,813.53,1.19
length_aware_chunking,LengthAwareChunker,LAC,"{""target_length"": 512, ""tolerance"": 50}",completed,guideline_GUIDELINE - Leech et al. - 2021 - BSACI 2021 guideline for the management of egg allergy,guideline,GUIDELINE - Leech et al. - 2021 - BSACI 2021 guideline for the management of egg allergy.md,guideline\GUIDELINE - Leech et al. - 2021 - BSACI 2021 guideline for the management of egg allergy.md,BAAI/bge-m3,48,0,121,497.75,541.5,516.92,553.0,562,71.09,24812,24718,1.004,0.517782,1287.66,1287.07,-0.59
llm_boundary_detection_chunking,LLMBoundaryDetectionChunker,LBDC,"{""max_tokens"": 512, ""overlap_tokens"": 75}",completed,guideline_GUIDELINE - Leech et al. - 2021 - BSACI 2021 guideline for the management of egg allergy,guideline,GUIDELINE - Leech et al. - 2021 - BSACI 2021 guideline for the management of egg allergy.md,guideline\GUIDELINE - Leech et al. - 2021 - BSACI 2021 guideline for the management of egg allergy.md,BAAI/bge-m3,52,0,193,535.0,566.0,544.44,574.25,584,59.67,28311,24718,1.145,0.819336,1265.73,1265.79,0.06
overlapping_token_chunking,OverlappingTokenChunker,OFC,"{""chunk_size"": 512, ""overlap_size"": 75}",completed,guideline_GUIDELINE - Leech et al. - 2021 - BSACI 2021 guideline for the management of egg allergy,guideline,GUIDELINE - Leech et al. - 2021 - BSACI 2021 guideline for the management of egg allergy.md,guideline\GUIDELINE - Leech et al. - 2021 - BSACI 2021 guideline for the management of egg allergy.md,BAAI/bge-m3,57,0,246,514.0,514.0,509.35,514.0,515,35.19,29033,24718,1.175,0.055422,811.22,811.94,0.72
paragraph_based_chunking,ParagraphBasedChunker,PBC,{},completed,guideline_GUIDELINE - Leech et al. - 2021 - BSACI 2021 guideline for the management of egg allergy,guideline,GUIDELINE - Leech et al. - 2021 - BSACI 2021 guideline for the management of egg allergy.md,guideline\GUIDELINE - Leech et al. - 2021 - BSACI 2021 guideline for the management of egg allergy.md,BAAI/bge-m3,226,0,5,20.0,56.0,111.36,121.0,1252,198.34,25168,24718,1.018,0.053584,806.64,806.64,0.0
paragraph_group_chunking,ParagraphGroupChunker,PGC,"{""paragraphs_per_chunk"": 2, ""overlap"": 1}",completed,guideline_GUIDELINE - Leech et al. - 2021 - BSACI 2021 guideline for the management of egg allergy,guideline,GUIDELINE - Leech et al. - 2021 - BSACI 2021 guideline for the management of egg allergy.md,guideline\GUIDELINE - Leech et al. - 2021 - BSACI 2021 guideline for the management of egg allergy.md,BAAI/bge-m3,225,0,16,70.0,144.0,221.07,234.0,2419,321.36,49741,24718,2.012,0.09986,805.63,805.69,0.06
parent_child_chunking,ParentChildChunker,PCC,"{""parent_chunk_size"": 512, ""child_chunk_size"": 175, ""chunk_overlap"": 75}",completed,guideline_GUIDELINE - Leech et al. - 2021 - BSACI 2021 guideline for the management of egg allergy,guideline,GUIDELINE - Leech et al. - 2021 - BSACI 2021 guideline for the management of egg allergy.md,guideline\GUIDELINE - Leech et al. - 2021 - BSACI 2021 guideline for the management of egg allergy.md,BAAI/bge-m3,371,0,6,81.5,129.0,158.5,161.5,509,130.14,58805,24718,2.379,0.586811,804.96,805.64,0.68
recursive_chunking,RecursiveChunker,RC,"{""chunk_size"": 2000, ""chunk_overlap"": 200}",completed,guideline_GUIDELINE - Leech et al. - 2021 - BSACI 2021 guideline for the management of egg allergy,guideline,GUIDELINE - Leech et al. - 2021 - BSACI 2021 guideline for the management of egg allergy.md,guideline\GUIDELINE - Leech et al. - 2021 - BSACI 2021 guideline for the management of egg allergy.md,BAAI/bge-m3,60,0,6,372.25,439.5,427.4,511.25,683,140.75,25644,24718,1.037,0.056317,804.38,804.48,0.11
recursive_token_fallback_chunking,RecursiveTokenChunker,RTF,"{""chunk_size"": 512, ""chunk_overlap"": 75}",completed,guideline_GUIDELINE - Leech et al. - 2021 - BSACI 2021 guideline for the management of egg allergy,guideline,GUIDELINE - Leech et al. - 2021 - BSACI 2021 guideline for the management of egg allergy.md,guideline\GUIDELINE - Leech et al. - 2021 - BSACI 2021 guideline for the management of egg allergy.md,BAAI/bge-m3,64,0,6,390.5,446.0,409.12,479.25,509,105.43,26184,24718,1.059,0.216425,805.82,806.09,0.28
semantic_boundary_detection,SemanticBoundaryChunker,SBDC,"{""breakpoint_threshold_amount"": 80.0, ""buffer_size"": 1, ""embedding_model"": ""sentence-transformers/all-MiniLM-L6-v2""}",completed,guideline_GUIDELINE - Leech et al. - 2021 - BSACI 2021 guideline for the management of egg allergy,guideline,GUIDELINE - Leech et al. - 2021 - BSACI 2021 guideline for the management of egg allergy.md,guideline\GUIDELINE - Leech et al. - 2021 - BSACI 2021 guideline for the management of egg allergy.md,BAAI/bge-m3,192,0,4,12.0,50.0,130.73,62.25,10983,825.1,25100,24718,1.015,6.968752,1191.26,1215.98,24.72
semantic_embedding_based_chunking,SemanticEmbeddingChunker,SEBC,"{""breakpoint_threshold_amount"": 70.0, ""embedding_model"": ""sentence-transformers/all-MiniLM-L6-v2""}",completed,guideline_GUIDELINE - Leech et al. - 2021 - BSACI 2021 guideline for the management of egg allergy,guideline,GUIDELINE - Leech et al. - 2021 - BSACI 2021 guideline for the management of egg allergy.md,guideline\GUIDELINE - Leech et al. - 2021 - BSACI 2021 guideline for the management of egg allergy.md,BAAI/bge-m3,287,0,3,5.0,21.0,88.12,55.5,11015,678.23,25290,24718,1.023,7.030819,935.64,963.13,27.48
semantic_similarity_threshold_chunking,SemanticSimilarityThresholdChunker,SSTC,"{""threshold"": 0.5, ""embedding_model"": ""sentence-transformers/all-MiniLM-L6-v2""}",completed,guideline_GUIDELINE - Leech et al. - 2021 - BSACI 2021 guideline for the management of egg allergy,guideline,GUIDELINE - Leech et al. - 2021 - BSACI 2021 guideline for the management of egg allergy.md,guideline\GUIDELINE - Leech et al. - 2021 - BSACI 2021 guideline for the management of egg allergy.md,BAAI/bge-m3,776,0,3,8.0,12.0,33.85,26.0,978,79.59,26268,24718,1.063,3.150927,1023.39,1061.35,37.96
semantic_variance_adaptive_chunking,SemanticVarianceAdaptiveChunker,SVAC,"{""sensitivity"": 0.2, ""window_size"": 5, ""embedding_model"": ""sentence-transformers/all-MiniLM-L6-v2""}",completed,guideline_GUIDELINE - Leech et al. - 2021 - BSACI 2021 guideline for the management of egg allergy,guideline,GUIDELINE - Leech et al. - 2021 - BSACI 2021 guideline for the management of egg allergy.md,guideline\GUIDELINE - Leech et al. - 2021 - BSACI 2021 guideline for the management of egg allergy.md,BAAI/bge-m3,85,0,4,34.0,146.0,292.78,405.0,1871,355.2,24886,24718,1.007,3.396207,1267.89,1276.24,8.35
sentence_based_chunking,SentenceBasedChunker,SBC,{},completed,guideline_GUIDELINE - Leech et al. - 2021 - BSACI 2021 guideline for the management of egg allergy,guideline,GUIDELINE - Leech et al. - 2021 - BSACI 2021 guideline for the management of egg allergy.md,guideline\GUIDELINE - Leech et al. - 2021 - BSACI 2021 guideline for the management of egg allergy.md,BAAI/bge-m3,890,0,3,10.0,15.0,29.77,31.0,482,46.37,26496,24718,1.072,0.081582,812.27,812.27,0.0
sentence_group_chunking,SentenceGroupChunker,SGC,"{""sentences_per_chunk"": 10, ""overlap"": 2}",completed,guideline_GUIDELINE - Leech et al. - 2021 - BSACI 2021 guideline for the management of egg allergy,guideline,GUIDELINE - Leech et al. - 2021 - BSACI 2021 guideline for the management of egg allergy.md,guideline\GUIDELINE - Leech et al. - 2021 - BSACI 2021 guideline for the management of egg allergy.md,BAAI/bge-m3,111,0,74,123.5,144.0,275.58,387.0,1470,255.01,30589,24718,1.238,0.070761,805.7,805.89,0.2
sliding_window_token_chunking,SlidingWindowTokenChunker,SWC,"{""window_size"": 512, ""step_size"": 75}",completed,guideline_GUIDELINE - Leech et al. - 2021 - BSACI 2021 guideline for the management of egg allergy,guideline,GUIDELINE - Leech et al. - 2021 - BSACI 2021 guideline for the management of egg allergy.md,guideline\GUIDELINE - Leech et al. - 2021 - BSACI 2021 guideline for the management of egg allergy.md,BAAI/bge-m3,324,0,493,514.0,514.0,514.02,514.0,515,1.22,166541,24718,6.738,0.092278,811.92,812.54,0.62
topic_based_chunking,TopicBasedChunker,TBC,"{""distance_threshold"": 0.4, ""embedding_model"": ""sentence-transformers/all-MiniLM-L6-v2""}",completed,guideline_GUIDELINE - Leech et al. - 2021 - BSACI 2021 guideline for the management of egg allergy,guideline,GUIDELINE - Leech et al. - 2021 - BSACI 2021 guideline for the management of egg allergy.md,guideline\GUIDELINE - Leech et al. - 2021 - BSACI 2021 guideline for the management of egg allergy.md,BAAI/bge-m3,302,0,3,17.0,27.5,83.84,57.0,5994,357.03,25320,24718,1.024,2.967038,1119.18,1125.39,6.21
content_density_adaptive_chunking,ContentDensityAdaptiveChunker,CDAC,"{""base_chunk_size"": 300}",completed,guideline_GUIDELINE - Leonardi et al. - 2019 - Management of ocular allergy,guideline,GUIDELINE - Leonardi et al. - 2019 - Management of ocular allergy.md,guideline\GUIDELINE - Leonardi et al. - 2019 - Management of ocular allergy.md,BAAI/bge-m3,129,0,10,132.0,149.0,186.55,169.0,1390,157.55,24065,23815,1.01,0.315914,1222.79,1226.76,3.96
dynamic_token_size_chunking,DynamicTokenSizeChunker,DFC,"{""min_chunk_size"": 150, ""max_chunk_size"": 512}",completed,guideline_GUIDELINE - Leonardi et al. - 2019 - Management of ocular allergy,guideline,GUIDELINE - Leonardi et al. - 2019 - Management of ocular allergy.md,guideline\GUIDELINE - Leonardi et al. - 2019 - Management of ocular allergy.md,BAAI/bge-m3,50,0,244,483.75,495.5,477.68,508.0,514,54.0,23884,23815,1.003,0.078608,1220.13,1234.93,14.8
fixed_character_chunking,FixedCharacterChunker,FCC,"{""chunk_size"": 2000, ""overlap"": 200}",completed,guideline_GUIDELINE - Leonardi et al. - 2019 - Management of ocular allergy,guideline,GUIDELINE - Leonardi et al. - 2019 - Management of ocular allergy.md,guideline\GUIDELINE - Leonardi et al. - 2019 - Management of ocular allergy.md,BAAI/bge-m3,46,0,462,497.75,592.5,576.91,645.0,716,82.59,26538,23815,1.114,0.060421,811.19,811.3,0.11
fixed_token_chunking,FixedTokenChunker,FC,"{""chunk_size"": 512, ""overlap"": 75}",completed,guideline_GUIDELINE - Leonardi et al. - 2019 - Management of ocular allergy,guideline,GUIDELINE - Leonardi et al. - 2019 - Management of ocular allergy.md,guideline\GUIDELINE - Leonardi et al. - 2019 - Management of ocular allergy.md,BAAI/bge-m3,55,0,218,514.0,514.0,508.05,514.0,515,39.52,27943,23815,1.173,0.066787,813.59,807.12,-6.46
length_aware_chunking,LengthAwareChunker,LAC,"{""target_length"": 512, ""tolerance"": 50}",completed,guideline_GUIDELINE - Leonardi et al. - 2019 - Management of ocular allergy,guideline,GUIDELINE - Leonardi et al. - 2019 - Management of ocular allergy.md,guideline\GUIDELINE - Leonardi et al. - 2019 - Management of ocular allergy.md,BAAI/bge-m3,46,0,189,499.0,534.0,519.67,549.5,1390,174.5,23905,23815,1.004,0.511715,1287.07,1287.78,0.71
llm_boundary_detection_chunking,LLMBoundaryDetectionChunker,LBDC,"{""max_tokens"": 512, ""overlap_tokens"": 75}",completed,guideline_GUIDELINE - Leonardi et al. - 2019 - Management of ocular allergy,guideline,GUIDELINE - Leonardi et al. - 2019 - Management of ocular allergy.md,guideline\GUIDELINE - Leonardi et al. - 2019 - Management of ocular allergy.md,BAAI/bge-m3,57,0,77,479.0,562.0,487.4,576.0,584,144.41,27782,23815,1.167,1.267422,1265.79,1265.79,0.0
overlapping_token_chunking,OverlappingTokenChunker,OFC,"{""chunk_size"": 512, ""overlap_size"": 75}",completed,guideline_GUIDELINE - Leonardi et al. - 2019 - Management of ocular allergy,guideline,GUIDELINE - Leonardi et al. - 2019 - Management of ocular allergy.md,guideline\GUIDELINE - Leonardi et al. - 2019 - Management of ocular allergy.md,BAAI/bge-m3,55,0,218,514.0,514.0,508.05,514.0,515,39.52,27943,23815,1.173,0.063818,812.32,812.94,0.61
paragraph_based_chunking,ParagraphBasedChunker,PBC,{},completed,guideline_GUIDELINE - Leonardi et al. - 2019 - Management of ocular allergy,guideline,GUIDELINE - Leonardi et al. - 2019 - Management of ocular allergy.md,guideline\GUIDELINE - Leonardi et al. - 2019 - Management of ocular allergy.md,BAAI/bge-m3,205,0,3,7.0,20.0,118.16,121.0,1242,221.67,24223,23815,1.017,0.069397,806.64,806.64,0.0
paragraph_group_chunking,ParagraphGroupChunker,PGC,"{""paragraphs_per_chunk"": 2, ""overlap"": 1}",completed,guideline_GUIDELINE - Leonardi et al. - 2019 - Management of ocular allergy,guideline,GUIDELINE - Leonardi et al. - 2019 - Management of ocular allergy.md,guideline\GUIDELINE - Leonardi et al. - 2019 - Management of ocular allergy.md,BAAI/bge-m3,204,0,6,24.75,114.5,235.42,339.0,1246,291.81,48026,23815,2.017,0.118043,805.69,805.77,0.08
parent_child_chunking,ParentChildChunker,PCC,"{""parent_chunk_size"": 512, ""child_chunk_size"": 175, ""chunk_overlap"": 75}",completed,guideline_GUIDELINE - Leonardi et al. - 2019 - Management of ocular allergy,guideline,GUIDELINE - Leonardi et al. - 2019 - Management of ocular allergy.md,guideline\GUIDELINE - Leonardi et al. - 2019 - Management of ocular allergy.md,BAAI/bge-m3,379,0,5,84.0,121.0,149.24,157.0,506,119.9,56562,23815,2.375,0.665404,805.64,805.91,0.27
recursive_chunking,RecursiveChunker,RC,"{""chunk_size"": 2000, ""chunk_overlap"": 200}",completed,guideline_GUIDELINE - Leonardi et al. - 2019 - Management of ocular allergy,guideline,GUIDELINE - Leonardi et al. - 2019 - Management of ocular allergy.md,guideline\GUIDELINE - Leonardi et al. - 2019 - Management of ocular allergy.md,BAAI/bge-m3,62,0,5,283.25,416.0,393.6,521.5,680,183.53,24403,23815,1.025,0.062185,804.52,804.58,0.05
recursive_token_fallback_chunking,RecursiveTokenChunker,RTF,"{""chunk_size"": 512, ""chunk_overlap"": 75}",completed,guideline_GUIDELINE - Leonardi et al. - 2019 - Management of ocular allergy,guideline,GUIDELINE - Leonardi et al. - 2019 - Management of ocular allergy.md,guideline\GUIDELINE - Leonardi et al. - 2019 - Management of ocular allergy.md,BAAI/bge-m3,77,0,5,224.0,381.0,324.6,462.0,506,154.77,24994,23815,1.05,0.244595,806.09,806.09,0.0
semantic_boundary_detection,SemanticBoundaryChunker,SBDC,"{""breakpoint_threshold_amount"": 80.0, ""buffer_size"": 1, ""embedding_model"": ""sentence-transformers/all-MiniLM-L6-v2""}",completed,guideline_GUIDELINE - Leonardi et al. - 2019 - Management of ocular allergy,guideline,GUIDELINE - Leonardi et al. - 2019 - Management of ocular allergy.md,guideline\GUIDELINE - Leonardi et al. - 2019 - Management of ocular allergy.md,BAAI/bge-m3,140,0,5,10.0,54.5,172.09,70.0,8613,931.93,24093,23815,1.012,5.060597,1216.62,1212.67,-3.95
semantic_embedding_based_chunking,SemanticEmbeddingChunker,SEBC,"{""breakpoint_threshold_amount"": 70.0, ""embedding_model"": ""sentence-transformers/all-MiniLM-L6-v2""}",completed,guideline_GUIDELINE - Leonardi et al. - 2019 - Management of ocular allergy,guideline,GUIDELINE - Leonardi et al. - 2019 - Management of ocular allergy.md,guideline\GUIDELINE - Leonardi et al. - 2019 - Management of ocular allergy.md,BAAI/bge-m3,210,0,3,5.0,13.0,115.4,59.0,8605,695.24,24233,23815,1.018,5.047317,964.02,994.54,30.52
semantic_similarity_threshold_chunking,SemanticSimilarityThresholdChunker,SSTC,"{""threshold"": 0.5, ""embedding_model"": ""sentence-transformers/all-MiniLM-L6-v2""}",completed,guideline_GUIDELINE - Leonardi et al. - 2019 - Management of ocular allergy,guideline,GUIDELINE - Leonardi et al. - 2019 - Management of ocular allergy.md,guideline\GUIDELINE - Leonardi et al. - 2019 - Management of ocular allergy.md,BAAI/bge-m3,595,0,3,9.0,18.0,42.02,34.0,2438,156.92,25003,23815,1.05,2.474104,1062.44,1049.09,-13.35
semantic_variance_adaptive_chunking,SemanticVarianceAdaptiveChunker,SVAC,"{""sensitivity"": 0.2, ""window_size"": 5, ""embedding_model"": ""sentence-transformers/all-MiniLM-L6-v2""}",completed,guideline_GUIDELINE - Leonardi et al. - 2019 - Management of ocular allergy,guideline,GUIDELINE - Leonardi et al. - 2019 - Management of ocular allergy.md,guideline\GUIDELINE - Leonardi et al. - 2019 - Management of ocular allergy.md,BAAI/bge-m3,80,0,3,46.25,149.5,299.66,273.0,5691,693.25,23973,23815,1.007,2.733538,1276.93,1292.32,15.4
sentence_based_chunking,SentenceBasedChunker,SBC,{},completed,guideline_GUIDELINE - Leonardi et al. - 2019 - Management of ocular allergy,guideline,GUIDELINE - Leonardi et al. - 2019 - Management of ocular allergy.md,guideline\GUIDELINE - Leonardi et al. - 2019 - Management of ocular allergy.md,BAAI/bge-m3,659,0,3,9.0,21.0,38.14,37.5,1390,89.03,25131,23815,1.055,0.078444,812.38,812.38,-0.0
sentence_group_chunking,SentenceGroupChunker,SGC,"{""sentences_per_chunk"": 10, ""overlap"": 2}",completed,guideline_GUIDELINE - Leonardi et al. - 2019 - Management of ocular allergy,guideline,GUIDELINE - Leonardi et al. - 2019 - Management of ocular allergy.md,guideline\GUIDELINE - Leonardi et al. - 2019 - Management of ocular allergy.md,BAAI/bge-m3,83,0,105,143.0,172.0,353.41,358.0,3641,540.52,29333,23815,1.232,0.094811,806.02,806.67,0.66
sliding_window_token_chunking,SlidingWindowTokenChunker,SWC,"{""window_size"": 512, ""step_size"": 75}",completed,guideline_GUIDELINE - Leonardi et al. - 2019 - Management of ocular allergy,guideline,GUIDELINE - Leonardi et al. - 2019 - Management of ocular allergy.md,guideline\GUIDELINE - Leonardi et al. - 2019 - Management of ocular allergy.md,BAAI/bge-m3,312,0,490,514.0,514.0,513.39,514.0,515,2.42,160179,23815,6.726,0.098009,801.34,810.4,9.06
topic_based_chunking,TopicBasedChunker,TBC,"{""distance_threshold"": 0.4, ""embedding_model"": ""sentence-transformers/all-MiniLM-L6-v2""}",completed,guideline_GUIDELINE - Leonardi et al. - 2019 - Management of ocular allergy,guideline,GUIDELINE - Leonardi et al. - 2019 - Management of ocular allergy.md,guideline\GUIDELINE - Leonardi et al. - 2019 - Management of ocular allergy.md,BAAI/bge-m3,272,0,3,18.0,32.5,89.55,67.25,3485,272.58,24357,23815,1.023,2.309322,1126.58,1172.36,45.78
content_density_adaptive_chunking,ContentDensityAdaptiveChunker,CDAC,"{""base_chunk_size"": 300}",completed,guideline_GUIDELINE - Russell et al. - 2023 - The Need for Required Stock Epinephrine in All Schools A Work Group Report,guideline,GUIDELINE - Russell et al. - 2023 - The Need for Required Stock Epinephrine in All Schools A Work Group Report.md,guideline\GUIDELINE - Russell et al. - 2023 - The Need for Required Stock Epinephrine in All Schools A Work Group Report.md,BAAI/bge-m3,143,0,17,133.0,147.0,152.38,164.0,653,57.22,21791,21507,1.013,0.366628,1226.8,1226.82,0.02
dynamic_token_size_chunking,DynamicTokenSizeChunker,DFC,"{""min_chunk_size"": 150, ""max_chunk_size"": 512}",completed,guideline_GUIDELINE - Russell et al. - 2023 - The Need for Required Stock Epinephrine in All Schools A Work Group Report,guideline,GUIDELINE - Russell et al. - 2023 - The Need for Required Stock Epinephrine in All Schools A Work Group Report.md,guideline\GUIDELINE - Russell et al. - 2023 - The Need for Required Stock Epinephrine in All Schools A Work Group Report.md,BAAI/bge-m3,44,0,256,490.0,503.5,490.75,510.25,514,41.48,21593,21507,1.004,0.069357,1237.39,1240.31,2.92
fixed_character_chunking,FixedCharacterChunker,FCC,"{""chunk_size"": 2000, ""overlap"": 200}",completed,guideline_GUIDELINE - Russell et al. - 2023 - The Need for Required Stock Epinephrine in All Schools A Work Group Report,guideline,GUIDELINE - Russell et al. - 2023 - The Need for Required Stock Epinephrine in All Schools A Work Group Report.md,guideline\GUIDELINE - Russell et al. - 2023 - The Need for Required Stock Epinephrine in All Schools A Work Group Report.md,BAAI/bge-m3,49,0,284,435.0,463.0,490.57,553.0,651,79.37,24038,21507,1.118,0.081406,811.35,811.43,0.08
fixed_token_chunking,FixedTokenChunker,FC,"{""chunk_size"": 512, ""overlap"": 75}",completed,guideline_GUIDELINE - Russell et al. - 2023 - The Need for Required Stock Epinephrine in All Schools A Work Group Report,guideline,GUIDELINE - Russell et al. - 2023 - The Need for Required Stock Epinephrine in All Schools A Work Group Report.md,guideline\GUIDELINE - Russell et al. - 2023 - The Need for Required Stock Epinephrine in All Schools A Work Group Report.md,BAAI/bge-m3,50,0,94,514.0,514.0,505.78,514.0,515,58.83,25289,21507,1.176,0.073538,808.66,812.14,3.49
length_aware_chunking,LengthAwareChunker,LAC,"{""target_length"": 512, ""tolerance"": 50}",completed,guideline_GUIDELINE - Russell et al. - 2023 - The Need for Required Stock Epinephrine in All Schools A Work Group Report,guideline,GUIDELINE - Russell et al. - 2023 - The Need for Required Stock Epinephrine in All Schools A Work Group Report.md,guideline\GUIDELINE - Russell et al. - 2023 - The Need for Required Stock Epinephrine in All Schools A Work Group Report.md,BAAI/bge-m3,42,0,17,520.5,543.0,514.02,555.5,653,106.98,21589,21507,1.004,0.654713,1287.78,1287.54,-0.25
llm_boundary_detection_chunking,LLMBoundaryDetectionChunker,LBDC,"{""max_tokens"": 512, ""overlap_tokens"": 75}",completed,guideline_GUIDELINE - Russell et al. - 2023 - The Need for Required Stock Epinephrine in All Schools A Work Group Report,guideline,GUIDELINE - Russell et al. - 2023 - The Need for Required Stock Epinephrine in All Schools A Work Group Report.md,guideline\GUIDELINE - Russell et al. - 2023 - The Need for Required Stock Epinephrine in All Schools A Work Group Report.md,BAAI/bge-m3,44,0,418,558.0,565.0,560.16,576.0,584,29.12,24647,21507,1.146,1.072332,1265.79,1265.79,0.0
overlapping_token_chunking,OverlappingTokenChunker,OFC,"{""chunk_size"": 512, ""overlap_size"": 75}",completed,guideline_GUIDELINE - Russell et al. - 2023 - The Need for Required Stock Epinephrine in All Schools A Work Group Report,guideline,GUIDELINE - Russell et al. - 2023 - The Need for Required Stock Epinephrine in All Schools A Work Group Report.md,guideline\GUIDELINE - Russell et al. - 2023 - The Need for Required Stock Epinephrine in All Schools A Work Group Report.md,BAAI/bge-m3,50,0,94,514.0,514.0,505.78,514.0,515,58.83,25289,21507,1.176,0.070232,813.11,814.32,1.21
paragraph_based_chunking,ParagraphBasedChunker,PBC,{},completed,guideline_GUIDELINE - Russell et al. - 2023 - The Need for Required Stock Epinephrine in All Schools A Work Group Report,guideline,GUIDELINE - Russell et al. - 2023 - The Need for Required Stock Epinephrine in All Schools A Work Group Report.md,guideline\GUIDELINE - Russell et al. - 2023 - The Need for Required Stock Epinephrine in All Schools A Work Group Report.md,BAAI/bge-m3,265,0,3,11.0,36.0,83.15,105.0,1231,144.07,22035,21507,1.025,0.069013,803.1,804.16,1.06
paragraph_group_chunking,ParagraphGroupChunker,PGC,"{""paragraphs_per_chunk"": 2, ""overlap"": 1}",completed,guideline_GUIDELINE - Russell et al. - 2023 - The Need for Required Stock Epinephrine in All Schools A Work Group Report,guideline,GUIDELINE - Russell et al. - 2023 - The Need for Required Stock Epinephrine in All Schools A Work Group Report.md,guideline\GUIDELINE - Russell et al. - 2023 - The Need for Required Stock Epinephrine in All Schools A Work Group Report.md,BAAI/bge-m3,264,0,4,37.75,127.5,164.78,214.0,1784,207.98,43501,21507,2.023,0.120002,804.56,805.62,1.06
parent_child_chunking,ParentChildChunker,PCC,"{""parent_chunk_size"": 512, ""child_chunk_size"": 175, ""chunk_overlap"": 75}",completed,guideline_GUIDELINE - Russell et al. - 2023 - The Need for Required Stock Epinephrine in All Schools A Work Group Report,guideline,GUIDELINE - Russell et al. - 2023 - The Need for Required Stock Epinephrine in All Schools A Work Group Report.md,guideline\GUIDELINE - Russell et al. - 2023 - The Need for Required Stock Epinephrine in All Schools A Work Group Report.md,BAAI/bge-m3,296,0,12,96.5,137.0,168.7,163.0,498,130.23,49935,21507,2.322,0.629109,805.91,806.08,0.17
recursive_chunking,RecursiveChunker,RC,"{""chunk_size"": 2000, ""chunk_overlap"": 200}",completed,guideline_GUIDELINE - Russell et al. - 2023 - The Need for Required Stock Epinephrine in All Schools A Work Group Report,guideline,GUIDELINE - Russell et al. - 2023 - The Need for Required Stock Epinephrine in All Schools A Work Group Report.md,guideline\GUIDELINE - Russell et al. - 2023 - The Need for Required Stock Epinephrine in All Schools A Work Group Report.md,BAAI/bge-m3,56,0,38,347.0,399.0,398.57,463.75,600,119.74,22320,21507,1.038,0.065588,804.64,804.7,0.06
recursive_token_fallback_chunking,RecursiveTokenChunker,RTF,"{""chunk_size"": 512, ""chunk_overlap"": 75}",completed,guideline_GUIDELINE - Russell et al. - 2023 - The Need for Required Stock Epinephrine in All Schools A Work Group Report,guideline,GUIDELINE - Russell et al. - 2023 - The Need for Required Stock Epinephrine in All Schools A Work Group Report.md,guideline\GUIDELINE - Russell et al. - 2023 - The Need for Required Stock Epinephrine in All Schools A Work Group Report.md,BAAI/bge-m3,57,0,34,373.0,439.0,401.67,473.0,498,112.81,22895,21507,1.065,0.255468,806.1,806.1,0.0
semantic_boundary_detection,SemanticBoundaryChunker,SBDC,"{""breakpoint_threshold_amount"": 80.0, ""buffer_size"": 1, ""embedding_model"": ""sentence-transformers/all-MiniLM-L6-v2""}",completed,guideline_GUIDELINE - Russell et al. - 2023 - The Need for Required Stock Epinephrine in All Schools A Work Group Report,guideline,GUIDELINE - Russell et al. - 2023 - The Need for Required Stock Epinephrine in All Schools A Work Group Report.md,guideline\GUIDELINE - Russell et al. - 2023 - The Need for Required Stock Epinephrine in All Schools A Work Group Report.md,BAAI/bge-m3,173,0,3,17.0,41.0,126.31,74.0,3383,380.85,21851,21507,1.016,6.60878,1213.9,1240.71,26.82
semantic_embedding_based_chunking,SemanticEmbeddingChunker,SEBC,"{""breakpoint_threshold_amount"": 70.0, ""embedding_model"": ""sentence-transformers/all-MiniLM-L6-v2""}",completed,guideline_GUIDELINE - Russell et al. - 2023 - The Need for Required Stock Epinephrine in All Schools A Work Group Report,guideline,GUIDELINE - Russell et al. - 2023 - The Need for Required Stock Epinephrine in All Schools A Work Group Report.md,guideline\GUIDELINE - Russell et al. - 2023 - The Need for Required Stock Epinephrine in All Schools A Work Group Report.md,BAAI/bge-m3,259,0,3,5.0,35.0,85.03,58.0,1904,229.83,22023,21507,1.024,6.594772,995.56,955.3,-40.26
semantic_similarity_threshold_chunking,SemanticSimilarityThresholdChunker,SSTC,"{""threshold"": 0.5, ""embedding_model"": ""sentence-transformers/all-MiniLM-L6-v2""}",completed,guideline_GUIDELINE - Russell et al. - 2023 - The Need for Required Stock Epinephrine in All Schools A Work Group Report,guideline,GUIDELINE - Russell et al. - 2023 - The Need for Required Stock Epinephrine in All Schools A Work Group Report.md,guideline\GUIDELINE - Russell et al. - 2023 - The Need for Required Stock Epinephrine in All Schools A Work Group Report.md,BAAI/bge-m3,639,0,3,7.0,17.0,35.65,34.0,669,70.31,22783,21507,1.059,3.063469,1049.68,1032.64,-17.04
semantic_variance_adaptive_chunking,SemanticVarianceAdaptiveChunker,SVAC,"{""sensitivity"": 0.2, ""window_size"": 5, ""embedding_model"": ""sentence-transformers/all-MiniLM-L6-v2""}",completed,guideline_GUIDELINE - Russell et al. - 2023 - The Need for Required Stock Epinephrine in All Schools A Work Group Report,guideline,GUIDELINE - Russell et al. - 2023 - The Need for Required Stock Epinephrine in All Schools A Work Group Report.md,guideline\GUIDELINE - Russell et al. - 2023 - The Need for Required Stock Epinephrine in All Schools A Work Group Report.md,BAAI/bge-m3,92,0,4,37.0,149.5,235.75,329.0,1058,265.86,21689,21507,1.008,3.432715,1292.98,1301.48,8.5
sentence_based_chunking,SentenceBasedChunker,SBC,{},completed,guideline_GUIDELINE - Russell et al. - 2023 - The Need for Required Stock Epinephrine in All Schools A Work Group Report,guideline,GUIDELINE - Russell et al. - 2023 - The Need for Required Stock Epinephrine in All Schools A Work Group Report.md,guideline\GUIDELINE - Russell et al. - 2023 - The Need for Required Stock Epinephrine in All Schools A Work Group Report.md,BAAI/bge-m3,775,0,3,9.5,19.0,29.75,36.0,653,40.39,23055,21507,1.072,0.10094,812.38,802.57,-9.8
sentence_group_chunking,SentenceGroupChunker,SGC,"{""sentences_per_chunk"": 10, ""overlap"": 2}",completed,guideline_GUIDELINE - Russell et al. - 2023 - The Need for Required Stock Epinephrine in All Schools A Work Group Report,guideline,GUIDELINE - Russell et al. - 2023 - The Need for Required Stock Epinephrine in All Schools A Work Group Report.md,guideline\GUIDELINE - Russell et al. - 2023 - The Need for Required Stock Epinephrine in All Schools A Work Group Report.md,BAAI/bge-m3,97,0,67,138.0,180.0,274.59,410.0,924,192.81,26635,21507,1.238,0.085838,806.68,806.7,0.02
sliding_window_token_chunking,SlidingWindowTokenChunker,SWC,"{""window_size"": 512, ""step_size"": 75}",completed,guideline_GUIDELINE - Russell et al. - 2023 - The Need for Required Stock Epinephrine in All Schools A Work Group Report,guideline,GUIDELINE - Russell et al. - 2023 - The Need for Required Stock Epinephrine in All Schools A Work Group Report.md,guideline\GUIDELINE - Russell et al. - 2023 - The Need for Required Stock Epinephrine in All Schools A Work Group Report.md,BAAI/bge-m3,281,0,507,514.0,514.0,514.12,514.0,515,0.61,144468,21507,6.717,0.099526,811.33,814.63,3.3
topic_based_chunking,TopicBasedChunker,TBC,"{""distance_threshold"": 0.4, ""embedding_model"": ""sentence-transformers/all-MiniLM-L6-v2""}",completed,guideline_GUIDELINE - Russell et al. - 2023 - The Need for Required Stock Epinephrine in All Schools A Work Group Report,guideline,GUIDELINE - Russell et al. - 2023 - The Need for Required Stock Epinephrine in All Schools A Work Group Report.md,guideline\GUIDELINE - Russell et al. - 2023 - The Need for Required Stock Epinephrine in All Schools A Work Group Report.md,BAAI/bge-m3,269,0,5,14.0,27.0,81.94,76.0,3063,220.59,22043,21507,1.025,2.866458,1173.08,1137.61,-35.47
content_density_adaptive_chunking,ContentDensityAdaptiveChunker,CDAC,"{""base_chunk_size"": 300}",completed,paper_PAPER - Kakumanu et al. - 2024 - Applying the dissemination and implementation sciences to allergy and immunol,paper,PAPER - Kakumanu et al. - 2024 - Applying the dissemination and implementation sciences to allergy and immunol.md,paper\PAPER - Kakumanu et al. - 2024 - Applying the dissemination and implementation sciences to allergy and immunol.md,BAAI/bge-m3,89,0,27,139.0,150.0,169.12,186.0,797,85.15,15052,14869,1.012,0.278296,1226.82,1223.72,-3.1
dynamic_token_size_chunking,DynamicTokenSizeChunker,DFC,"{""min_chunk_size"": 150, ""max_chunk_size"": 512}",completed,paper_PAPER - Kakumanu et al. - 2024 - Applying the dissemination and implementation sciences to allergy and immunol,paper,PAPER - Kakumanu et al. - 2024 - Applying the dissemination and implementation sciences to allergy and immunol.md,paper\PAPER - Kakumanu et al. - 2024 - Applying the dissemination and implementation sciences to allergy and immunol.md,BAAI/bge-m3,31,0,291,479.0,500.0,481.52,509.0,514,49.08,14927,14869,1.004,0.059489,1240.78,1241.36,0.59
fixed_character_chunking,FixedCharacterChunker,FCC,"{""chunk_size"": 2000, ""overlap"": 200}",completed,paper_PAPER - Kakumanu et al. - 2024 - Applying the dissemination and implementation sciences to allergy and immunol,paper,PAPER - Kakumanu et al. - 2024 - Applying the dissemination and implementation sciences to allergy and immunol.md,paper\PAPER - Kakumanu et al. - 2024 - Applying the dissemination and implementation sciences to allergy and immunol.md,BAAI/bge-m3,33,0,408,443.0,475.0,501.03,559.0,615,65.0,16534,14869,1.112,0.051181,811.23,799.57,-11.66
fixed_token_chunking,FixedTokenChunker,FC,"{""chunk_size"": 512, ""overlap"": 75}",completed,paper_PAPER - Kakumanu et al. - 2024 - Applying the dissemination and implementation sciences to allergy and immunol,paper,PAPER - Kakumanu et al. - 2024 - Applying the dissemination and implementation sciences to allergy and immunol.md,paper\PAPER - Kakumanu et al. - 2024 - Applying the dissemination and implementation sciences to allergy and immunol.md,BAAI/bge-m3,34,0,448,514.0,514.0,512.21,514.0,515,11.19,17415,14869,1.171,0.050145,812.59,813.02,0.43
length_aware_chunking,LengthAwareChunker,LAC,"{""target_length"": 512, ""tolerance"": 50}",completed,paper_PAPER - Kakumanu et al. - 2024 - Applying the dissemination and implementation sciences to allergy and immunol,paper,PAPER - Kakumanu et al. - 2024 - Applying the dissemination and implementation sciences to allergy and immunol.md,paper\PAPER - Kakumanu et al. - 2024 - Applying the dissemination and implementation sciences to allergy and immunol.md,BAAI/bge-m3,29,0,321,486.0,532.0,514.9,548.0,797,82.54,14932,14869,1.004,0.47153,1287.54,1286.41,-1.14
llm_boundary_detection_chunking,LLMBoundaryDetectionChunker,LBDC,"{""max_tokens"": 512, ""overlap_tokens"": 75}",completed,paper_PAPER - Kakumanu et al. - 2024 - Applying the dissemination and implementation sciences to allergy and immunol,paper,PAPER - Kakumanu et al. - 2024 - Applying the dissemination and implementation sciences to allergy and immunol.md,paper\PAPER - Kakumanu et al. - 2024 - Applying the dissemination and implementation sciences to allergy and immunol.md,BAAI/bge-m3,32,0,149,544.25,561.5,535.59,573.25,584,80.21,17139,14869,1.153,0.711911,1265.79,1265.92,0.14
overlapping_token_chunking,OverlappingTokenChunker,OFC,"{""chunk_size"": 512, ""overlap_size"": 75}",completed,paper_PAPER - Kakumanu et al. - 2024 - Applying the dissemination and implementation sciences to allergy and immunol,paper,PAPER - Kakumanu et al. - 2024 - Applying the dissemination and implementation sciences to allergy and immunol.md,paper\PAPER - Kakumanu et al. - 2024 - Applying the dissemination and implementation sciences to allergy and immunol.md,BAAI/bge-m3,34,0,448,514.0,514.0,512.21,514.0,515,11.19,17415,14869,1.171,0.04976,814.56,814.74,0.18
paragraph_based_chunking,ParagraphBasedChunker,PBC,{},completed,paper_PAPER - Kakumanu et al. - 2024 - Applying the dissemination and implementation sciences to allergy and immunol,paper,PAPER - Kakumanu et al. - 2024 - Applying the dissemination and implementation sciences to allergy and immunol.md,paper\PAPER - Kakumanu et al. - 2024 - Applying the dissemination and implementation sciences to allergy and immunol.md,BAAI/bge-m3,101,0,4,24.0,54.0,149.2,158.0,1466,281.99,15069,14869,1.013,0.077495,804.57,804.72,0.15
paragraph_group_chunking,ParagraphGroupChunker,PGC,"{""paragraphs_per_chunk"": 2, ""overlap"": 1}",completed,paper_PAPER - Kakumanu et al. - 2024 - Applying the dissemination and implementation sciences to allergy and immunol,paper,PAPER - Kakumanu et al. - 2024 - Applying the dissemination and implementation sciences to allergy and immunol.md,paper\PAPER - Kakumanu et al. - 2024 - Applying the dissemination and implementation sciences to allergy and immunol.md,BAAI/bge-m3,100,0,25,59.5,168.0,297.82,271.25,2872,529.25,29782,14869,2.003,0.082929,805.97,806.64,0.66
parent_child_chunking,ParentChildChunker,PCC,"{""parent_chunk_size"": 512, ""child_chunk_size"": 175, ""chunk_overlap"": 75}",completed,paper_PAPER - Kakumanu et al. - 2024 - Applying the dissemination and implementation sciences to allergy and immunol,paper,PAPER - Kakumanu et al. - 2024 - Applying the dissemination and implementation sciences to allergy and immunol.md,paper\PAPER - Kakumanu et al. - 2024 - Applying the dissemination and implementation sciences to allergy and immunol.md,BAAI/bge-m3,208,0,6,103.75,136.0,172.2,160.5,501,128.65,35817,14869,2.409,0.482077,806.08,806.11,0.03
recursive_chunking,RecursiveChunker,RC,"{""chunk_size"": 2000, ""chunk_overlap"": 200}",completed,paper_PAPER - Kakumanu et al. - 2024 - Applying the dissemination and implementation sciences to allergy and immunol,paper,PAPER - Kakumanu et al. - 2024 - Applying the dissemination and implementation sciences to allergy and immunol.md,paper\PAPER - Kakumanu et al. - 2024 - Applying the dissemination and implementation sciences to allergy and immunol.md,BAAI/bge-m3,40,0,129,326.25,383.0,384.48,447.25,592,119.82,15379,14869,1.034,0.04954,804.78,804.8,0.02
recursive_token_fallback_chunking,RecursiveTokenChunker,RTF,"{""chunk_size"": 512, ""chunk_overlap"": 75}",completed,paper_PAPER - Kakumanu et al. - 2024 - Applying the dissemination and implementation sciences to allergy and immunol,paper,PAPER - Kakumanu et al. - 2024 - Applying the dissemination and implementation sciences to allergy and immunol.md,paper\PAPER - Kakumanu et al. - 2024 - Applying the dissemination and implementation sciences to allergy and immunol.md,BAAI/bge-m3,39,0,61,383.0,459.0,408.95,482.5,501,110.85,15949,14869,1.073,0.186193,806.1,806.36,0.27
semantic_boundary_detection,SemanticBoundaryChunker,SBDC,"{""breakpoint_threshold_amount"": 80.0, ""buffer_size"": 1, ""embedding_model"": ""sentence-transformers/all-MiniLM-L6-v2""}",completed,paper_PAPER - Kakumanu et al. - 2024 - Applying the dissemination and implementation sciences to allergy and immunol,paper,PAPER - Kakumanu et al. - 2024 - Applying the dissemination and implementation sciences to allergy and immunol.md,paper\PAPER - Kakumanu et al. - 2024 - Applying the dissemination and implementation sciences to allergy and immunol.md,BAAI/bge-m3,118,0,9,15.0,45.0,127.99,65.75,7111,656.95,15103,14869,1.016,3.961177,1241.83,1241.05,-0.78
semantic_embedding_based_chunking,SemanticEmbeddingChunker,SEBC,"{""breakpoint_threshold_amount"": 70.0, ""embedding_model"": ""sentence-transformers/all-MiniLM-L6-v2""}",completed,paper_PAPER - Kakumanu et al. - 2024 - Applying the dissemination and implementation sciences to allergy and immunol,paper,PAPER - Kakumanu et al. - 2024 - Applying the dissemination and implementation sciences to allergy and immunol.md,paper\PAPER - Kakumanu et al. - 2024 - Applying the dissemination and implementation sciences to allergy and immunol.md,BAAI/bge-m3,177,0,4,5.0,47.0,85.99,67.0,2775,300.52,15221,14869,1.024,3.94097,956.21,989.69,33.48
semantic_similarity_threshold_chunking,SemanticSimilarityThresholdChunker,SSTC,"{""threshold"": 0.5, ""embedding_model"": ""sentence-transformers/all-MiniLM-L6-v2""}",completed,paper_PAPER - Kakumanu et al. - 2024 - Applying the dissemination and implementation sciences to allergy and immunol,paper,PAPER - Kakumanu et al. - 2024 - Applying the dissemination and implementation sciences to allergy and immunol.md,paper\PAPER - Kakumanu et al. - 2024 - Applying the dissemination and implementation sciences to allergy and immunol.md,BAAI/bge-m3,496,0,4,6.0,17.0,31.99,29.0,1295,93.7,15866,14869,1.067,2.030591,1034.66,1065.61,30.95
semantic_variance_adaptive_chunking,SemanticVarianceAdaptiveChunker,SVAC,"{""sensitivity"": 0.2, ""window_size"": 5, ""embedding_model"": ""sentence-transformers/all-MiniLM-L6-v2""}",completed,paper_PAPER - Kakumanu et al. - 2024 - Applying the dissemination and implementation sciences to allergy and immunol,paper,PAPER - Kakumanu et al. - 2024 - Applying the dissemination and implementation sciences to allergy and immunol.md,paper\PAPER - Kakumanu et al. - 2024 - Applying the dissemination and implementation sciences to allergy and immunol.md,BAAI/bge-m3,33,0,4,52.0,272.0,452.73,682.0,3262,609.44,14940,14869,1.005,2.296301,1302.27,1280.29,-21.98
sentence_based_chunking,SentenceBasedChunker,SBC,{},completed,paper_PAPER - Kakumanu et al. - 2024 - Applying the dissemination and implementation sciences to allergy and immunol,paper,PAPER - Kakumanu et al. - 2024 - Applying the dissemination and implementation sciences to allergy and immunol.md,paper\PAPER - Kakumanu et al. - 2024 - Applying the dissemination and implementation sciences to allergy and immunol.md,BAAI/bge-m3,550,0,4,8.0,18.0,29.04,30.0,797,51.28,15974,14869,1.074,0.070784,803.79,804.35,0.56
sentence_group_chunking,SentenceGroupChunker,SGC,"{""sentences_per_chunk"": 10, ""overlap"": 2}",completed,paper_PAPER - Kakumanu et al. - 2024 - Applying the dissemination and implementation sciences to allergy and immunol,paper,PAPER - Kakumanu et al. - 2024 - Applying the dissemination and implementation sciences to allergy and immunol.md,paper\PAPER - Kakumanu et al. - 2024 - Applying the dissemination and implementation sciences to allergy and immunol.md,BAAI/bge-m3,69,0,101,143.0,160.0,263.19,195.0,1487,265.0,18160,14869,1.221,0.064629,806.7,806.7,0.0
sliding_window_token_chunking,SlidingWindowTokenChunker,SWC,"{""window_size"": 512, ""step_size"": 75}",completed,paper_PAPER - Kakumanu et al. - 2024 - Applying the dissemination and implementation sciences to allergy and immunol,paper,PAPER - Kakumanu et al. - 2024 - Applying the dissemination and implementation sciences to allergy and immunol.md,paper\PAPER - Kakumanu et al. - 2024 - Applying the dissemination and implementation sciences to allergy and immunol.md,BAAI/bge-m3,193,0,470,514.0,514.0,513.88,514.0,515,3.19,99178,14869,6.67,0.074637,810.55,809.04,-1.5
topic_based_chunking,TopicBasedChunker,TBC,"{""distance_threshold"": 0.4, ""embedding_model"": ""sentence-transformers/all-MiniLM-L6-v2""}",completed,paper_PAPER - Kakumanu et al. - 2024 - Applying the dissemination and implementation sciences to allergy and immunol,paper,PAPER - Kakumanu et al. - 2024 - Applying the dissemination and implementation sciences to allergy and immunol.md,paper\PAPER - Kakumanu et al. - 2024 - Applying the dissemination and implementation sciences to allergy and immunol.md,BAAI/bge-m3,214,0,4,16.0,29.0,71.5,54.75,1184,145.69,15302,14869,1.029,1.844443,1139.85,1153.46,13.61
content_density_adaptive_chunking,ContentDensityAdaptiveChunker,CDAC,"{""base_chunk_size"": 300}",completed,paper_PAPER - Leonardi et al. - 2024 - Allergic Conjunctivitis Management Update on Ophthalmic Solutions,paper,PAPER - Leonardi et al. - 2024 - Allergic Conjunctivitis Management Update on Ophthalmic Solutions.md,paper\PAPER - Leonardi et al. - 2024 - Allergic Conjunctivitis Management Update on Ophthalmic Solutions.md,BAAI/bge-m3,118,0,21,139.0,148.0,159.42,161.75,814,81.95,18812,18579,1.013,0.302584,1225.2,1226.29,1.08
dynamic_token_size_chunking,DynamicTokenSizeChunker,DFC,"{""min_chunk_size"": 150, ""max_chunk_size"": 512}",completed,paper_PAPER - Leonardi et al. - 2024 - Allergic Conjunctivitis Management Update on Ophthalmic Solutions,paper,PAPER - Leonardi et al. - 2024 - Allergic Conjunctivitis Management Update on Ophthalmic Solutions.md,paper\PAPER - Leonardi et al. - 2024 - Allergic Conjunctivitis Management Update on Ophthalmic Solutions.md,BAAI/bge-m3,38,0,290,489.5,501.0,490.84,507.25,514,36.42,18652,18579,1.004,0.060374,1241.6,1242.08,0.48
fixed_character_chunking,FixedCharacterChunker,FCC,"{""chunk_size"": 2000, ""overlap"": 200}",completed,paper_PAPER - Leonardi et al. - 2024 - Allergic Conjunctivitis Management Update on Ophthalmic Solutions,paper,PAPER - Leonardi et al. - 2024 - Allergic Conjunctivitis Management Update on Ophthalmic Solutions.md,paper\PAPER - Leonardi et al. - 2024 - Allergic Conjunctivitis Management Update on Ophthalmic Solutions.md,BAAI/bge-m3,37,0,218,497.0,522.0,558.89,643.0,742,100.82,20679,18579,1.113,0.052286,800.06,801.0,0.94
fixed_token_chunking,FixedTokenChunker,FC,"{""chunk_size"": 512, ""overlap"": 75}",completed,paper_PAPER - Leonardi et al. - 2024 - Allergic Conjunctivitis Management Update on Ophthalmic Solutions,paper,PAPER - Leonardi et al. - 2024 - Allergic Conjunctivitis Management Update on Ophthalmic Solutions.md,paper\PAPER - Leonardi et al. - 2024 - Allergic Conjunctivitis Management Update on Ophthalmic Solutions.md,BAAI/bge-m3,43,0,225,514.0,514.0,507.35,514.0,515,43.57,21816,18579,1.174,0.055006,813.18,813.27,0.09
length_aware_chunking,LengthAwareChunker,LAC,"{""target_length"": 512, ""tolerance"": 50}",completed,paper_PAPER - Leonardi et al. - 2024 - Allergic Conjunctivitis Management Update on Ophthalmic Solutions,paper,PAPER - Leonardi et al. - 2024 - Allergic Conjunctivitis Management Update on Ophthalmic Solutions.md,paper\PAPER - Leonardi et al. - 2024 - Allergic Conjunctivitis Management Update on Ophthalmic Solutions.md,BAAI/bge-m3,36,0,245,513.75,542.5,518.0,559.0,814,95.68,18648,18579,1.004,0.520311,1286.64,1287.78,1.14
llm_boundary_detection_chunking,LLMBoundaryDetectionChunker,LBDC,"{""max_tokens"": 512, ""overlap_tokens"": 75}",completed,paper_PAPER - Leonardi et al. - 2024 - Allergic Conjunctivitis Management Update on Ophthalmic Solutions,paper,PAPER - Leonardi et al. - 2024 - Allergic Conjunctivitis Management Update on Ophthalmic Solutions.md,paper\PAPER - Leonardi et al. - 2024 - Allergic Conjunctivitis Management Update on Ophthalmic Solutions.md,BAAI/bge-m3,39,0,213,548.0,567.0,547.03,577.5,583,68.37,21334,18579,1.148,0.907683,1265.92,1265.92,0.0
overlapping_token_chunking,OverlappingTokenChunker,OFC,"{""chunk_size"": 512, ""overlap_size"": 75}",completed,paper_PAPER - Leonardi et al. - 2024 - Allergic Conjunctivitis Management Update on Ophthalmic Solutions,paper,PAPER - Leonardi et al. - 2024 - Allergic Conjunctivitis Management Update on Ophthalmic Solutions.md,paper\PAPER - Leonardi et al. - 2024 - Allergic Conjunctivitis Management Update on Ophthalmic Solutions.md,BAAI/bge-m3,43,0,225,514.0,514.0,507.35,514.0,515,43.57,21816,18579,1.174,0.056079,814.84,815.09,0.25
paragraph_based_chunking,ParagraphBasedChunker,PBC,{},completed,paper_PAPER - Leonardi et al. - 2024 - Allergic Conjunctivitis Management Update on Ophthalmic Solutions,paper,PAPER - Leonardi et al. - 2024 - Allergic Conjunctivitis Management Update on Ophthalmic Solutions.md,paper\PAPER - Leonardi et al. - 2024 - Allergic Conjunctivitis Management Update on Ophthalmic Solutions.md,BAAI/bge-m3,251,0,3,10.0,14.0,76.01,60.5,1284,183.68,19079,18579,1.027,0.055734,804.86,805.06,0.2
paragraph_group_chunking,ParagraphGroupChunker,PGC,"{""paragraphs_per_chunk"": 2, ""overlap"": 1}",completed,paper_PAPER - Leonardi et al. - 2024 - Allergic Conjunctivitis Management Update on Ophthalmic Solutions,paper,PAPER - Leonardi et al. - 2024 - Allergic Conjunctivitis Management Update on Ophthalmic Solutions.md,paper\PAPER - Leonardi et al. - 2024 - Allergic Conjunctivitis Management Update on Ophthalmic Solutions.md,BAAI/bge-m3,250,0,5,19.0,31.0,150.36,159.5,2435,325.62,37591,18579,2.023,0.099733,806.64,806.69,0.05
parent_child_chunking,ParentChildChunker,PCC,"{""parent_chunk_size"": 512, ""child_chunk_size"": 175, ""chunk_overlap"": 75}",completed,paper_PAPER - Leonardi et al. - 2024 - Allergic Conjunctivitis Management Update on Ophthalmic Solutions,paper,PAPER - Leonardi et al. - 2024 - Allergic Conjunctivitis Management Update on Ophthalmic Solutions.md,paper\PAPER - Leonardi et al. - 2024 - Allergic Conjunctivitis Management Update on Ophthalmic Solutions.md,BAAI/bge-m3,255,0,12,107.0,140.0,174.24,164.0,499,123.14,44430,18579,2.391,0.485418,803.72,805.49,1.77
recursive_chunking,RecursiveChunker,RC,"{""chunk_size"": 2000, ""chunk_overlap"": 200}",completed,paper_PAPER - Leonardi et al. - 2024 - Allergic Conjunctivitis Management Update on Ophthalmic Solutions,paper,PAPER - Leonardi et al. - 2024 - Allergic Conjunctivitis Management Update on Ophthalmic Solutions.md,paper\PAPER - Leonardi et al. - 2024 - Allergic Conjunctivitis Management Update on Ophthalmic Solutions.md,BAAI/bge-m3,41,0,91,418.0,498.0,466.9,567.0,708,144.8,19143,18579,1.03,0.050517,804.82,805.08,0.25
recursive_token_fallback_chunking,RecursiveTokenChunker,RTF,"{""chunk_size"": 512, ""chunk_overlap"": 75}",completed,paper_PAPER - Leonardi et al. - 2024 - Allergic Conjunctivitis Management Update on Ophthalmic Solutions,paper,PAPER - Leonardi et al. - 2024 - Allergic Conjunctivitis Management Update on Ophthalmic Solutions.md,paper\PAPER - Leonardi et al. - 2024 - Allergic Conjunctivitis Management Update on Ophthalmic Solutions.md,BAAI/bge-m3,52,0,79,346.5,423.0,385.56,468.0,499,112.25,20049,18579,1.079,0.210292,806.36,806.46,0.1
semantic_boundary_detection,SemanticBoundaryChunker,SBDC,"{""breakpoint_threshold_amount"": 80.0, ""buffer_size"": 1, ""embedding_model"": ""sentence-transformers/all-MiniLM-L6-v2""}",completed,paper_PAPER - Leonardi et al. - 2024 - Allergic Conjunctivitis Management Update on Ophthalmic Solutions,paper,PAPER - Leonardi et al. - 2024 - Allergic Conjunctivitis Management Update on Ophthalmic Solutions.md,paper\PAPER - Leonardi et al. - 2024 - Allergic Conjunctivitis Management Update on Ophthalmic Solutions.md,BAAI/bge-m3,147,0,5,10.0,55.0,128.37,74.5,10070,827.3,18871,18579,1.016,5.614904,1242.76,1239.86,-2.9
semantic_embedding_based_chunking,SemanticEmbeddingChunker,SEBC,"{""breakpoint_threshold_amount"": 70.0, ""embedding_model"": ""sentence-transformers/all-MiniLM-L6-v2""}",completed,paper_PAPER - Leonardi et al. - 2024 - Allergic Conjunctivitis Management Update on Ophthalmic Solutions,paper,PAPER - Leonardi et al. - 2024 - Allergic Conjunctivitis Management Update on Ophthalmic Solutions.md,paper\PAPER - Leonardi et al. - 2024 - Allergic Conjunctivitis Management Update on Ophthalmic Solutions.md,BAAI/bge-m3,220,0,4,5.0,15.0,86.44,64.0,8893,605.03,19017,18579,1.024,5.627299,990.72,988.35,-2.37
semantic_similarity_threshold_chunking,SemanticSimilarityThresholdChunker,SSTC,"{""threshold"": 0.5, ""embedding_model"": ""sentence-transformers/all-MiniLM-L6-v2""}",completed,paper_PAPER - Leonardi et al. - 2024 - Allergic Conjunctivitis Management Update on Ophthalmic Solutions,paper,PAPER - Leonardi et al. - 2024 - Allergic Conjunctivitis Management Update on Ophthalmic Solutions.md,paper\PAPER - Leonardi et al. - 2024 - Allergic Conjunctivitis Management Update on Ophthalmic Solutions.md,BAAI/bge-m3,605,0,4,7.0,12.0,32.7,34.0,1194,78.78,19786,18579,1.065,2.827645,1066.66,1130.28,63.62
semantic_variance_adaptive_chunking,SemanticVarianceAdaptiveChunker,SVAC,"{""sensitivity"": 0.2, ""window_size"": 5, ""embedding_model"": ""sentence-transformers/all-MiniLM-L6-v2""}",completed,paper_PAPER - Leonardi et al. - 2024 - Allergic Conjunctivitis Management Update on Ophthalmic Solutions,paper,PAPER - Leonardi et al. - 2024 - Allergic Conjunctivitis Management Update on Ophthalmic Solutions.md,paper\PAPER - Leonardi et al. - 2024 - Allergic Conjunctivitis Management Update on Ophthalmic Solutions.md,BAAI/bge-m3,61,0,5,39.0,141.0,306.52,423.0,3193,463.93,18698,18579,1.006,3.231582,1281.43,1278.74,-2.69
sentence_based_chunking,SentenceBasedChunker,SBC,{},completed,paper_PAPER - Leonardi et al. - 2024 - Allergic Conjunctivitis Management Update on Ophthalmic Solutions,paper,PAPER - Leonardi et al. - 2024 - Allergic Conjunctivitis Management Update on Ophthalmic Solutions.md,paper\PAPER - Leonardi et al. - 2024 - Allergic Conjunctivitis Management Update on Ophthalmic Solutions.md,BAAI/bge-m3,694,0,4,8.0,16.0,28.77,38.0,814,47.84,19964,18579,1.075,0.086437,804.5,804.64,0.15
sentence_group_chunking,SentenceGroupChunker,SGC,"{""sentences_per_chunk"": 10, ""overlap"": 2}",completed,paper_PAPER - Leonardi et al. - 2024 - Allergic Conjunctivitis Management Update on Ophthalmic Solutions,paper,PAPER - Leonardi et al. - 2024 - Allergic Conjunctivitis Management Update on Ophthalmic Solutions.md,paper\PAPER - Leonardi et al. - 2024 - Allergic Conjunctivitis Management Update on Ophthalmic Solutions.md,BAAI/bge-m3,87,0,67,131.0,157.0,276.21,326.0,2283,306.08,24030,18579,1.293,0.074757,799.07,804.43,5.36
sliding_window_token_chunking,SlidingWindowTokenChunker,SWC,"{""window_size"": 512, ""step_size"": 75}",completed,paper_PAPER - Leonardi et al. - 2024 - Allergic Conjunctivitis Management Update on Ophthalmic Solutions,paper,PAPER - Leonardi et al. - 2024 - Allergic Conjunctivitis Management Update on Ophthalmic Solutions.md,paper\PAPER - Leonardi et al. - 2024 - Allergic Conjunctivitis Management Update on Ophthalmic Solutions.md,BAAI/bge-m3,242,0,504,514.0,514.0,514.08,514.0,515,0.77,124408,18579,6.696,0.081569,810.55,812.57,2.02
topic_based_chunking,TopicBasedChunker,TBC,"{""distance_threshold"": 0.4, ""embedding_model"": ""sentence-transformers/all-MiniLM-L6-v2""}",completed,paper_PAPER - Leonardi et al. - 2024 - Allergic Conjunctivitis Management Update on Ophthalmic Solutions,paper,PAPER - Leonardi et al. - 2024 - Allergic Conjunctivitis Management Update on Ophthalmic Solutions.md,paper\PAPER - Leonardi et al. - 2024 - Allergic Conjunctivitis Management Update on Ophthalmic Solutions.md,BAAI/bge-m3,247,0,5,16.0,33.0,77.21,72.5,1349,158.91,19070,18579,1.026,2.646107,1145.0,1212.67,67.67
content_density_adaptive_chunking,ContentDensityAdaptiveChunker,CDAC,"{""base_chunk_size"": 300}",completed,paper_PAPER - Lieberman et al. - 2023 - Innovations in the treatment of anaphylaxis A review of recent data,paper,PAPER - Lieberman et al. - 2023 - Innovations in the treatment of anaphylaxis A review of recent data.md,paper\PAPER - Lieberman et al. - 2023 - Innovations in the treatment of anaphylaxis A review of recent data.md,BAAI/bge-m3,101,0,19,141.0,148.0,167.91,168.0,717,85.34,16959,16759,1.012,0.247649,1226.29,1226.7,0.42
dynamic_token_size_chunking,DynamicTokenSizeChunker,DFC,"{""min_chunk_size"": 150, ""max_chunk_size"": 512}",completed,paper_PAPER - Lieberman et al. - 2023 - Innovations in the treatment of anaphylaxis A review of recent data,paper,PAPER - Lieberman et al. - 2023 - Innovations in the treatment of anaphylaxis A review of recent data.md,paper\PAPER - Lieberman et al. - 2023 - Innovations in the treatment of anaphylaxis A review of recent data.md,BAAI/bge-m3,34,0,282,494.0,504.0,494.79,509.0,514,38.21,16823,16759,1.004,0.054041,1242.26,1242.39,0.13
fixed_character_chunking,FixedCharacterChunker,FCC,"{""chunk_size"": 2000, ""overlap"": 200}",completed,paper_PAPER - Lieberman et al. - 2023 - Innovations in the treatment of anaphylaxis A review of recent data,paper,PAPER - Lieberman et al. - 2023 - Innovations in the treatment of anaphylaxis A review of recent data.md,paper\PAPER - Lieberman et al. - 2023 - Innovations in the treatment of anaphylaxis A review of recent data.md,BAAI/bge-m3,33,0,438,511.0,552.0,566.24,618.0,751,70.82,18686,16759,1.115,0.045568,801.28,801.43,0.15
fixed_token_chunking,FixedTokenChunker,FC,"{""chunk_size"": 512, ""overlap"": 75}",completed,paper_PAPER - Lieberman et al. - 2023 - Innovations in the treatment of anaphylaxis A review of recent data,paper,PAPER - Lieberman et al. - 2023 - Innovations in the treatment of anaphylaxis A review of recent data.md,paper\PAPER - Lieberman et al. - 2023 - Innovations in the treatment of anaphylaxis A review of recent data.md,BAAI/bge-m3,39,0,154,514.0,514.0,504.95,514.0,515,56.93,19693,16759,1.175,0.050087,813.37,813.49,0.12
length_aware_chunking,LengthAwareChunker,LAC,"{""target_length"": 512, ""tolerance"": 50}",completed,paper_PAPER - Lieberman et al. - 2023 - Innovations in the treatment of anaphylaxis A review of recent data,paper,PAPER - Lieberman et al. - 2023 - Innovations in the treatment of anaphylaxis A review of recent data.md,paper\PAPER - Lieberman et al. - 2023 - Innovations in the treatment of anaphylaxis A review of recent data.md,BAAI/bge-m3,33,0,87,505.0,538.0,509.79,554.0,717,106.91,16823,16759,1.004,0.410007,1287.78,1286.84,-0.94
llm_boundary_detection_chunking,LLMBoundaryDetectionChunker,LBDC,"{""max_tokens"": 512, ""overlap_tokens"": 75}",completed,paper_PAPER - Lieberman et al. - 2023 - Innovations in the treatment of anaphylaxis A review of recent data,paper,PAPER - Lieberman et al. - 2023 - Innovations in the treatment of anaphylaxis A review of recent data.md,paper\PAPER - Lieberman et al. - 2023 - Innovations in the treatment of anaphylaxis A review of recent data.md,BAAI/bge-m3,35,0,216,545.0,560.0,548.6,575.5,584,61.32,19201,16759,1.146,0.666213,1265.92,1265.92,0.0
overlapping_token_chunking,OverlappingTokenChunker,OFC,"{""chunk_size"": 512, ""overlap_size"": 75}",completed,paper_PAPER - Lieberman et al. - 2023 - Innovations in the treatment of anaphylaxis A review of recent data,paper,PAPER - Lieberman et al. - 2023 - Innovations in the treatment of anaphylaxis A review of recent data.md,paper\PAPER - Lieberman et al. - 2023 - Innovations in the treatment of anaphylaxis A review of recent data.md,BAAI/bge-m3,39,0,154,514.0,514.0,504.95,514.0,515,56.93,19693,16759,1.175,0.050647,815.17,815.31,0.14
paragraph_based_chunking,ParagraphBasedChunker,PBC,{},completed,paper_PAPER - Lieberman et al. - 2023 - Innovations in the treatment of anaphylaxis A review of recent data,paper,PAPER - Lieberman et al. - 2023 - Innovations in the treatment of anaphylaxis A review of recent data.md,paper\PAPER - Lieberman et al. - 2023 - Innovations in the treatment of anaphylaxis A review of recent data.md,BAAI/bge-m3,155,0,3,30.0,65.0,110.11,131.5,1223,161.57,17067,16759,1.018,0.049818,805.19,805.26,0.07
paragraph_group_chunking,ParagraphGroupChunker,PGC,"{""paragraphs_per_chunk"": 2, ""overlap"": 1}",completed,paper_PAPER - Lieberman et al. - 2023 - Innovations in the treatment of anaphylaxis A review of recent data,paper,PAPER - Lieberman et al. - 2023 - Innovations in the treatment of anaphylaxis A review of recent data.md,paper\PAPER - Lieberman et al. - 2023 - Innovations in the treatment of anaphylaxis A review of recent data.md,BAAI/bge-m3,154,0,11,87.75,158.5,219.23,268.0,1563,231.53,33762,16759,2.015,0.113793,806.69,806.69,0.0
parent_child_chunking,ParentChildChunker,PCC,"{""parent_chunk_size"": 512, ""child_chunk_size"": 175, ""chunk_overlap"": 75}",completed,paper_PAPER - Lieberman et al. - 2023 - Innovations in the treatment of anaphylaxis A review of recent data,paper,PAPER - Lieberman et al. - 2023 - Innovations in the treatment of anaphylaxis A review of recent data.md,paper\PAPER - Lieberman et al. - 2023 - Innovations in the treatment of anaphylaxis A review of recent data.md,BAAI/bge-m3,234,0,4,88.25,132.5,165.54,157.75,499,129.09,38737,16759,2.311,0.414838,805.52,803.67,-1.86
recursive_chunking,RecursiveChunker,RC,"{""chunk_size"": 2000, ""chunk_overlap"": 200}",completed,paper_PAPER - Lieberman et al. - 2023 - Innovations in the treatment of anaphylaxis A review of recent data,paper,PAPER - Lieberman et al. - 2023 - Innovations in the treatment of anaphylaxis A review of recent data.md,paper\PAPER - Lieberman et al. - 2023 - Innovations in the treatment of anaphylaxis A review of recent data.md,BAAI/bge-m3,37,0,46,426.0,486.0,460.32,555.0,673,142.35,17032,16759,1.016,0.044497,805.12,805.18,0.06
recursive_token_fallback_chunking,RecursiveTokenChunker,RTF,"{""chunk_size"": 512, ""chunk_overlap"": 75}",completed,paper_PAPER - Lieberman et al. - 2023 - Innovations in the treatment of anaphylaxis A review of recent data,paper,PAPER - Lieberman et al. - 2023 - Innovations in the treatment of anaphylaxis A review of recent data.md,paper\PAPER - Lieberman et al. - 2023 - Innovations in the treatment of anaphylaxis A review of recent data.md,BAAI/bge-m3,45,0,46,363.0,443.0,391.69,467.0,499,127.52,17626,16759,1.052,0.192839,806.46,806.5,0.04
semantic_boundary_detection,SemanticBoundaryChunker,SBDC,"{""breakpoint_threshold_amount"": 80.0, ""buffer_size"": 1, ""embedding_model"": ""sentence-transformers/all-MiniLM-L6-v2""}",completed,paper_PAPER - Lieberman et al. - 2023 - Innovations in the treatment of anaphylaxis A review of recent data,paper,PAPER - Lieberman et al. - 2023 - Innovations in the treatment of anaphylaxis A review of recent data.md,paper\PAPER - Lieberman et al. - 2023 - Innovations in the treatment of anaphylaxis A review of recent data.md,BAAI/bge-m3,116,0,5,12.0,50.5,146.46,73.0,4638,488.86,16989,16759,1.014,4.890942,1241.07,1233.82,-7.26
semantic_embedding_based_chunking,SemanticEmbeddingChunker,SEBC,"{""breakpoint_threshold_amount"": 70.0, ""embedding_model"": ""sentence-transformers/all-MiniLM-L6-v2""}",completed,paper_PAPER - Lieberman et al. - 2023 - Innovations in the treatment of anaphylaxis A review of recent data,paper,PAPER - Lieberman et al. - 2023 - Innovations in the treatment of anaphylaxis A review of recent data.md,paper\PAPER - Lieberman et al. - 2023 - Innovations in the treatment of anaphylaxis A review of recent data.md,BAAI/bge-m3,174,0,4,5.0,28.5,98.3,63.75,4127,356.01,17105,16759,1.021,4.899789,989.81,964.03,-25.78
semantic_similarity_threshold_chunking,SemanticSimilarityThresholdChunker,SSTC,"{""threshold"": 0.5, ""embedding_model"": ""sentence-transformers/all-MiniLM-L6-v2""}",completed,paper_PAPER - Lieberman et al. - 2023 - Innovations in the treatment of anaphylaxis A review of recent data,paper,PAPER - Lieberman et al. - 2023 - Innovations in the treatment of anaphylaxis A review of recent data.md,paper\PAPER - Lieberman et al. - 2023 - Innovations in the treatment of anaphylaxis A review of recent data.md,BAAI/bge-m3,492,0,3,9.0,15.5,36.06,38.0,735,70.66,17741,16759,1.059,2.406468,1134.22,1112.7,-21.52
semantic_variance_adaptive_chunking,SemanticVarianceAdaptiveChunker,SVAC,"{""sensitivity"": 0.2, ""window_size"": 5, ""embedding_model"": ""sentence-transformers/all-MiniLM-L6-v2""}",completed,paper_PAPER - Lieberman et al. - 2023 - Innovations in the treatment of anaphylaxis A review of recent data,paper,PAPER - Lieberman et al. - 2023 - Innovations in the treatment of anaphylaxis A review of recent data.md,paper\PAPER - Lieberman et al. - 2023 - Innovations in the treatment of anaphylaxis A review of recent data.md,BAAI/bge-m3,57,0,5,38.0,172.0,295.98,453.0,2161,390.12,16871,16759,1.007,2.82101,1279.71,1287.17,7.46
sentence_based_chunking,SentenceBasedChunker,SBC,{},completed,paper_PAPER - Lieberman et al. - 2023 - Innovations in the treatment of anaphylaxis A review of recent data,paper,PAPER - Lieberman et al. - 2023 - Innovations in the treatment of anaphylaxis A review of recent data.md,paper\PAPER - Lieberman et al. - 2023 - Innovations in the treatment of anaphylaxis A review of recent data.md,BAAI/bge-m3,553,0,3,9.0,19.0,32.3,39.0,717,53.44,17863,16759,1.066,0.064195,804.78,804.84,0.05
sentence_group_chunking,SentenceGroupChunker,SGC,"{""sentences_per_chunk"": 10, ""overlap"": 2}",completed,paper_PAPER - Lieberman et al. - 2023 - Innovations in the treatment of anaphylaxis A review of recent data,paper,PAPER - Lieberman et al. - 2023 - Innovations in the treatment of anaphylaxis A review of recent data.md,paper\PAPER - Lieberman et al. - 2023 - Innovations in the treatment of anaphylaxis A review of recent data.md,BAAI/bge-m3,69,0,80,138.0,174.0,298.06,400.0,1859,273.6,20566,16759,1.227,0.060061,805.48,805.88,0.4
sliding_window_token_chunking,SlidingWindowTokenChunker,SWC,"{""window_size"": 512, ""step_size"": 75}",completed,paper_PAPER - Lieberman et al. - 2023 - Innovations in the treatment of anaphylaxis A review of recent data,paper,PAPER - Lieberman et al. - 2023 - Innovations in the treatment of anaphylaxis A review of recent data.md,paper\PAPER - Lieberman et al. - 2023 - Innovations in the treatment of anaphylaxis A review of recent data.md,BAAI/bge-m3,218,0,484,514.0,514.0,513.97,514.0,515,2.08,112046,16759,6.686,0.073427,813.08,813.43,0.35
topic_based_chunking,TopicBasedChunker,TBC,"{""distance_threshold"": 0.4, ""embedding_model"": ""sentence-transformers/all-MiniLM-L6-v2""}",completed,paper_PAPER - Lieberman et al. - 2023 - Innovations in the treatment of anaphylaxis A review of recent data,paper,PAPER - Lieberman et al. - 2023 - Innovations in the treatment of anaphylaxis A review of recent data.md,paper\PAPER - Lieberman et al. - 2023 - Innovations in the treatment of anaphylaxis A review of recent data.md,BAAI/bge-m3,151,0,5,19.0,39.0,112.97,120.5,1273,194.38,17059,16759,1.018,2.194393,1213.38,1153.38,-60.01
content_density_adaptive_chunking,ContentDensityAdaptiveChunker,CDAC,"{""base_chunk_size"": 300}",completed,"paper_PAPER - Matysiak et al. - 2022 - Diagnosis of Hymenoptera Venom Allergy State of the Art, Challenges, and Pers",paper,"PAPER - Matysiak et al. - 2022 - Diagnosis of Hymenoptera Venom Allergy State of the Art, Challenges, and Pers.md","paper\PAPER - Matysiak et al. - 2022 - Diagnosis of Hymenoptera Venom Allergy State of the Art, Challenges, and Pers.md",BAAI/bge-m3,137,0,18,139.0,146.0,149.94,161.0,225,26.26,20542,20270,1.013,0.366889,1226.7,1226.73,0.02
dynamic_token_size_chunking,DynamicTokenSizeChunker,DFC,"{""min_chunk_size"": 150, ""max_chunk_size"": 512}",completed,"paper_PAPER - Matysiak et al. - 2022 - Diagnosis of Hymenoptera Venom Allergy State of the Art, Challenges, and Pers",paper,"PAPER - Matysiak et al. - 2022 - Diagnosis of Hymenoptera Venom Allergy State of the Art, Challenges, and Pers.md","paper\PAPER - Matysiak et al. - 2022 - Diagnosis of Hymenoptera Venom Allergy State of the Art, Challenges, and Pers.md",BAAI/bge-m3,41,0,422,485.0,505.0,496.29,509.0,514,19.01,20348,20270,1.004,0.058448,1242.48,1242.65,0.17
fixed_character_chunking,FixedCharacterChunker,FCC,"{""chunk_size"": 2000, ""overlap"": 200}",completed,"paper_PAPER - Matysiak et al. - 2022 - Diagnosis of Hymenoptera Venom Allergy State of the Art, Challenges, and Pers",paper,"PAPER - Matysiak et al. - 2022 - Diagnosis of Hymenoptera Venom Allergy State of the Art, Challenges, and Pers.md","paper\PAPER - Matysiak et al. - 2022 - Diagnosis of Hymenoptera Venom Allergy State of the Art, Challenges, and Pers.md",BAAI/bge-m3,37,0,461,521.0,551.0,609.7,747.0,841,125.46,22559,20270,1.113,0.05616,801.58,801.84,0.25
fixed_token_chunking,FixedTokenChunker,FC,"{""chunk_size"": 512, ""overlap"": 75}",completed,"paper_PAPER - Matysiak et al. - 2022 - Diagnosis of Hymenoptera Venom Allergy State of the Art, Challenges, and Pers",paper,"PAPER - Matysiak et al. - 2022 - Diagnosis of Hymenoptera Venom Allergy State of the Art, Challenges, and Pers.md","paper\PAPER - Matysiak et al. - 2022 - Diagnosis of Hymenoptera Venom Allergy State of the Art, Challenges, and Pers.md",BAAI/bge-m3,47,0,168,514.0,514.0,506.89,515.0,515,49.97,23824,20270,1.175,0.058394,813.58,813.67,0.09
length_aware_chunking,LengthAwareChunker,LAC,"{""target_length"": 512, ""tolerance"": 50}",completed,"paper_PAPER - Matysiak et al. - 2022 - Diagnosis of Hymenoptera Venom Allergy State of the Art, Challenges, and Pers",paper,"PAPER - Matysiak et al. - 2022 - Diagnosis of Hymenoptera Venom Allergy State of the Art, Challenges, and Pers.md","paper\PAPER - Matysiak et al. - 2022 - Diagnosis of Hymenoptera Venom Allergy State of the Art, Challenges, and Pers.md",BAAI/bge-m3,38,0,135,538.25,550.5,535.37,559.75,562,67.72,20344,20270,1.004,0.670598,1286.9,1287.28,0.38
llm_boundary_detection_chunking,LLMBoundaryDetectionChunker,LBDC,"{""max_tokens"": 512, ""overlap_tokens"": 75}",completed,"paper_PAPER - Matysiak et al. - 2022 - Diagnosis of Hymenoptera Venom Allergy State of the Art, Challenges, and Pers",paper,"PAPER - Matysiak et al. - 2022 - Diagnosis of Hymenoptera Venom Allergy State of the Art, Challenges, and Pers.md","paper\PAPER - Matysiak et al. - 2022 - Diagnosis of Hymenoptera Venom Allergy State of the Art, Challenges, and Pers.md",BAAI/bge-m3,42,0,139,556.0,568.0,553.74,576.75,584,67.41,23257,20270,1.147,0.920293,1265.92,1265.93,0.0
overlapping_token_chunking,OverlappingTokenChunker,OFC,"{""chunk_size"": 512, ""overlap_size"": 75}",completed,"paper_PAPER - Matysiak et al. - 2022 - Diagnosis of Hymenoptera Venom Allergy State of the Art, Challenges, and Pers",paper,"PAPER - Matysiak et al. - 2022 - Diagnosis of Hymenoptera Venom Allergy State of the Art, Challenges, and Pers.md","paper\PAPER - Matysiak et al. - 2022 - Diagnosis of Hymenoptera Venom Allergy State of the Art, Challenges, and Pers.md",BAAI/bge-m3,47,0,168,514.0,514.0,506.89,515.0,515,49.97,23824,20270,1.175,0.061935,815.4,798.45,-16.95
paragraph_based_chunking,ParagraphBasedChunker,PBC,{},completed,"paper_PAPER - Matysiak et al. - 2022 - Diagnosis of Hymenoptera Venom Allergy State of the Art, Challenges, and Pers",paper,"PAPER - Matysiak et al. - 2022 - Diagnosis of Hymenoptera Venom Allergy State of the Art, Challenges, and Pers.md","paper\PAPER - Matysiak et al. - 2022 - Diagnosis of Hymenoptera Venom Allergy State of the Art, Challenges, and Pers.md",BAAI/bge-m3,111,0,3,21.5,83.0,184.59,165.5,2508,404.82,20490,20270,1.011,0.054554,805.27,805.6,0.32
paragraph_group_chunking,ParagraphGroupChunker,PGC,"{""paragraphs_per_chunk"": 2, ""overlap"": 1}",completed,"paper_PAPER - Matysiak et al. - 2022 - Diagnosis of Hymenoptera Venom Allergy State of the Art, Challenges, and Pers",paper,"PAPER - Matysiak et al. - 2022 - Diagnosis of Hymenoptera Venom Allergy State of the Art, Challenges, and Pers.md","paper\PAPER - Matysiak et al. - 2022 - Diagnosis of Hymenoptera Venom Allergy State of the Art, Challenges, and Pers.md",BAAI/bge-m3,110,0,7,95.5,195.5,362.83,298.75,4968,754.61,39911,20270,1.969,0.091771,806.69,807.69,1.0
parent_child_chunking,ParentChildChunker,PCC,"{""parent_chunk_size"": 512, ""child_chunk_size"": 175, ""chunk_overlap"": 75}",completed,"paper_PAPER - Matysiak et al. - 2022 - Diagnosis of Hymenoptera Venom Allergy State of the Art, Challenges, and Pers",paper,"PAPER - Matysiak et al. - 2022 - Diagnosis of Hymenoptera Venom Allergy State of the Art, Challenges, and Pers.md","paper\PAPER - Matysiak et al. - 2022 - Diagnosis of Hymenoptera Venom Allergy State of the Art, Challenges, and Pers.md",BAAI/bge-m3,249,0,7,106.0,136.0,177.43,164.0,504,127.22,44180,20270,2.18,0.455958,804.32,805.62,1.3
recursive_chunking,RecursiveChunker,RC,"{""chunk_size"": 2000, ""chunk_overlap"": 200}",completed,"paper_PAPER - Matysiak et al. - 2022 - Diagnosis of Hymenoptera Venom Allergy State of the Art, Challenges, and Pers",paper,"PAPER - Matysiak et al. - 2022 - Diagnosis of Hymenoptera Venom Allergy State of the Art, Challenges, and Pers.md","paper\PAPER - Matysiak et al. - 2022 - Diagnosis of Hymenoptera Venom Allergy State of the Art, Challenges, and Pers.md",BAAI/bge-m3,42,0,71,397.25,497.0,491.43,587.5,797,181.0,20640,20270,1.018,0.051716,805.2,805.51,0.31
recursive_token_fallback_chunking,RecursiveTokenChunker,RTF,"{""chunk_size"": 512, ""chunk_overlap"": 75}",completed,"paper_PAPER - Matysiak et al. - 2022 - Diagnosis of Hymenoptera Venom Allergy State of the Art, Challenges, and Pers",paper,"PAPER - Matysiak et al. - 2022 - Diagnosis of Hymenoptera Venom Allergy State of the Art, Challenges, and Pers.md","paper\PAPER - Matysiak et al. - 2022 - Diagnosis of Hymenoptera Venom Allergy State of the Art, Challenges, and Pers.md",BAAI/bge-m3,52,0,109,354.75,417.5,401.88,483.5,504,93.68,20898,20270,1.031,0.238614,806.5,806.84,0.34
semantic_boundary_detection,SemanticBoundaryChunker,SBDC,"{""breakpoint_threshold_amount"": 80.0, ""buffer_size"": 1, ""embedding_model"": ""sentence-transformers/all-MiniLM-L6-v2""}",completed,"paper_PAPER - Matysiak et al. - 2022 - Diagnosis of Hymenoptera Venom Allergy State of the Art, Challenges, and Pers",paper,"PAPER - Matysiak et al. - 2022 - Diagnosis of Hymenoptera Venom Allergy State of the Art, Challenges, and Pers.md","paper\PAPER - Matysiak et al. - 2022 - Diagnosis of Hymenoptera Venom Allergy State of the Art, Challenges, and Pers.md",BAAI/bge-m3,187,0,4,12.0,48.0,110.39,95.5,3906,374.96,20642,20270,1.018,6.407578,1234.52,1219.85,-14.67
semantic_embedding_based_chunking,SemanticEmbeddingChunker,SEBC,"{""breakpoint_threshold_amount"": 70.0, ""embedding_model"": ""sentence-transformers/all-MiniLM-L6-v2""}",completed,"paper_PAPER - Matysiak et al. - 2022 - Diagnosis of Hymenoptera Venom Allergy State of the Art, Challenges, and Pers",paper,"PAPER - Matysiak et al. - 2022 - Diagnosis of Hymenoptera Venom Allergy State of the Art, Challenges, and Pers.md","paper\PAPER - Matysiak et al. - 2022 - Diagnosis of Hymenoptera Venom Allergy State of the Art, Challenges, and Pers.md",BAAI/bge-m3,279,0,4,11.0,18.0,74.65,74.5,2723,246.49,20826,20270,1.027,6.366624,966.85,971.19,4.34
semantic_similarity_threshold_chunking,SemanticSimilarityThresholdChunker,SSTC,"{""threshold"": 0.5, ""embedding_model"": ""sentence-transformers/all-MiniLM-L6-v2""}",completed,"paper_PAPER - Matysiak et al. - 2022 - Diagnosis of Hymenoptera Venom Allergy State of the Art, Challenges, and Pers",paper,"PAPER - Matysiak et al. - 2022 - Diagnosis of Hymenoptera Venom Allergy State of the Art, Challenges, and Pers.md","paper\PAPER - Matysiak et al. - 2022 - Diagnosis of Hymenoptera Venom Allergy State of the Art, Challenges, and Pers.md",BAAI/bge-m3,795,0,3,10.0,14.0,27.49,35.0,243,31.1,21858,20270,1.078,3.209786,1113.52,1038.79,-74.73
semantic_variance_adaptive_chunking,SemanticVarianceAdaptiveChunker,SVAC,"{""sensitivity"": 0.2, ""window_size"": 5, ""embedding_model"": ""sentence-transformers/all-MiniLM-L6-v2""}",completed,"paper_PAPER - Matysiak et al. - 2022 - Diagnosis of Hymenoptera Venom Allergy State of the Art, Challenges, and Pers",paper,"PAPER - Matysiak et al. - 2022 - Diagnosis of Hymenoptera Venom Allergy State of the Art, Challenges, and Pers.md","paper\PAPER - Matysiak et al. - 2022 - Diagnosis of Hymenoptera Venom Allergy State of the Art, Challenges, and Pers.md",BAAI/bge-m3,137,0,5,27.0,98.0,149.94,208.0,1208,177.48,20542,20270,1.013,3.880985,1288.48,1282.34,-6.14
sentence_based_chunking,SentenceBasedChunker,SBC,{},completed,"paper_PAPER - Matysiak et al. - 2022 - Diagnosis of Hymenoptera Venom Allergy State of the Art, Challenges, and Pers",paper,"PAPER - Matysiak et al. - 2022 - Diagnosis of Hymenoptera Venom Allergy State of the Art, Challenges, and Pers.md","paper\PAPER - Matysiak et al. - 2022 - Diagnosis of Hymenoptera Venom Allergy State of the Art, Challenges, and Pers.md",BAAI/bge-m3,942,0,3,9.0,15.0,23.52,34.75,223,20.24,22152,20270,1.093,0.089313,804.87,804.87,0.0
sentence_group_chunking,SentenceGroupChunker,SGC,"{""sentences_per_chunk"": 10, ""overlap"": 2}",completed,"paper_PAPER - Matysiak et al. - 2022 - Diagnosis of Hymenoptera Venom Allergy State of the Art, Challenges, and Pers",paper,"PAPER - Matysiak et al. - 2022 - Diagnosis of Hymenoptera Venom Allergy State of the Art, Challenges, and Pers.md","paper\PAPER - Matysiak et al. - 2022 - Diagnosis of Hymenoptera Venom Allergy State of the Art, Challenges, and Pers.md",BAAI/bge-m3,118,0,68,132.25,191.5,214.14,304.0,482,98.22,25269,20270,1.247,0.078394,806.0,806.12,0.12
sliding_window_token_chunking,SlidingWindowTokenChunker,SWC,"{""window_size"": 512, ""step_size"": 75}",completed,"paper_PAPER - Matysiak et al. - 2022 - Diagnosis of Hymenoptera Venom Allergy State of the Art, Challenges, and Pers",paper,"PAPER - Matysiak et al. - 2022 - Diagnosis of Hymenoptera Venom Allergy State of the Art, Challenges, and Pers.md","paper\PAPER - Matysiak et al. - 2022 - Diagnosis of Hymenoptera Venom Allergy State of the Art, Challenges, and Pers.md",BAAI/bge-m3,265,0,470,514.0,514.0,513.96,514.0,515,2.74,136200,20270,6.719,0.084407,801.38,810.45,9.07
topic_based_chunking,TopicBasedChunker,TBC,"{""distance_threshold"": 0.4, ""embedding_model"": ""sentence-transformers/all-MiniLM-L6-v2""}",completed,"paper_PAPER - Matysiak et al. - 2022 - Diagnosis of Hymenoptera Venom Allergy State of the Art, Challenges, and Pers",paper,"PAPER - Matysiak et al. - 2022 - Diagnosis of Hymenoptera Venom Allergy State of the Art, Challenges, and Pers.md","paper\PAPER - Matysiak et al. - 2022 - Diagnosis of Hymenoptera Venom Allergy State of the Art, Challenges, and Pers.md",BAAI/bge-m3,305,0,3,12.0,26.0,68.45,61.0,2996,205.2,20878,20270,1.03,2.959505,1154.47,1193.08,38.61
content_density_adaptive_chunking,ContentDensityAdaptiveChunker,CDAC,"{""base_chunk_size"": 300}",completed,paper_PAPER - Torres et al. - 2024 - Intranasal Versus Oral Treatments for Allergic Rhinitis A Systematic Review Wit,paper,PAPER - Torres et al. - 2024 - Intranasal Versus Oral Treatments for Allergic Rhinitis A Systematic Review Wit.md,paper\PAPER - Torres et al. - 2024 - Intranasal Versus Oral Treatments for Allergic Rhinitis A Systematic Review Wit.md,BAAI/bge-m3,92,0,11,139.75,148.0,190.02,175.0,2228,228.03,17482,17300,1.011,0.236743,1226.73,1227.78,1.05
dynamic_token_size_chunking,DynamicTokenSizeChunker,DFC,"{""min_chunk_size"": 150, ""max_chunk_size"": 512}",completed,paper_PAPER - Torres et al. - 2024 - Intranasal Versus Oral Treatments for Allergic Rhinitis A Systematic Review Wit,paper,PAPER - Torres et al. - 2024 - Intranasal Versus Oral Treatments for Allergic Rhinitis A Systematic Review Wit.md,paper\PAPER - Torres et al. - 2024 - Intranasal Versus Oral Treatments for Allergic Rhinitis A Systematic Review Wit.md,BAAI/bge-m3,36,0,119,493.75,501.0,482.5,509.5,514,70.21,17370,17300,1.004,0.057099,1242.69,1242.99,0.3
fixed_character_chunking,FixedCharacterChunker,FCC,"{""chunk_size"": 2000, ""overlap"": 200}",completed,paper_PAPER - Torres et al. - 2024 - Intranasal Versus Oral Treatments for Allergic Rhinitis A Systematic Review Wit,paper,PAPER - Torres et al. - 2024 - Intranasal Versus Oral Treatments for Allergic Rhinitis A Systematic Review Wit.md,paper\PAPER - Torres et al. - 2024 - Intranasal Versus Oral Treatments for Allergic Rhinitis A Systematic Review Wit.md,BAAI/bge-m3,35,0,410,491.5,559.0,551.6,610.0,682,70.74,19306,17300,1.116,0.052443,801.92,801.98,0.06
fixed_token_chunking,FixedTokenChunker,FC,"{""chunk_size"": 512, ""overlap"": 75}",completed,paper_PAPER - Torres et al. - 2024 - Intranasal Versus Oral Treatments for Allergic Rhinitis A Systematic Review Wit,paper,PAPER - Torres et al. - 2024 - Intranasal Versus Oral Treatments for Allergic Rhinitis A Systematic Review Wit.md,paper\PAPER - Torres et al. - 2024 - Intranasal Versus Oral Treatments for Allergic Rhinitis A Systematic Review Wit.md,BAAI/bge-m3,40,0,257,514.0,514.0,507.65,514.0,515,40.14,20306,17300,1.174,0.056508,813.68,813.69,0.01
length_aware_chunking,LengthAwareChunker,LAC,"{""target_length"": 512, ""tolerance"": 50}",completed,paper_PAPER - Torres et al. - 2024 - Intranasal Versus Oral Treatments for Allergic Rhinitis A Systematic Review Wit,paper,PAPER - Torres et al. - 2024 - Intranasal Versus Oral Treatments for Allergic Rhinitis A Systematic Review Wit.md,paper\PAPER - Torres et al. - 2024 - Intranasal Versus Oral Treatments for Allergic Rhinitis A Systematic Review Wit.md,BAAI/bge-m3,30,0,251,520.0,542.0,578.6,554.0,2228,313.96,17358,17300,1.003,0.384778,1287.28,1288.02,0.74
llm_boundary_detection_chunking,LLMBoundaryDetectionChunker,LBDC,"{""max_tokens"": 512, ""overlap_tokens"": 75}",completed,paper_PAPER - Torres et al. - 2024 - Intranasal Versus Oral Treatments for Allergic Rhinitis A Systematic Review Wit,paper,PAPER - Torres et al. - 2024 - Intranasal Versus Oral Treatments for Allergic Rhinitis A Systematic Review Wit.md,paper\PAPER - Torres et al. - 2024 - Intranasal Versus Oral Treatments for Allergic Rhinitis A Systematic Review Wit.md,BAAI/bge-m3,37,0,189,540.0,563.0,538.65,571.0,584,70.32,19930,17300,1.152,0.761633,1265.93,1265.93,0.0
overlapping_token_chunking,OverlappingTokenChunker,OFC,"{""chunk_size"": 512, ""overlap_size"": 75}",completed,paper_PAPER - Torres et al. - 2024 - Intranasal Versus Oral Treatments for Allergic Rhinitis A Systematic Review Wit,paper,PAPER - Torres et al. - 2024 - Intranasal Versus Oral Treatments for Allergic Rhinitis A Systematic Review Wit.md,paper\PAPER - Torres et al. - 2024 - Intranasal Versus Oral Treatments for Allergic Rhinitis A Systematic Review Wit.md,BAAI/bge-m3,40,0,257,514.0,514.0,507.65,514.0,515,40.14,20306,17300,1.174,0.0539,800.39,809.08,8.68
paragraph_based_chunking,ParagraphBasedChunker,PBC,{},completed,paper_PAPER - Torres et al. - 2024 - Intranasal Versus Oral Treatments for Allergic Rhinitis A Systematic Review Wit,paper,PAPER - Torres et al. - 2024 - Intranasal Versus Oral Treatments for Allergic Rhinitis A Systematic Review Wit.md,paper\PAPER - Torres et al. - 2024 - Intranasal Versus Oral Treatments for Allergic Rhinitis A Systematic Review Wit.md,BAAI/bge-m3,364,0,3,11.0,15.5,49.52,41.25,1530,118.84,18026,17300,1.042,0.064307,805.6,805.59,-0.0
paragraph_group_chunking,ParagraphGroupChunker,PGC,"{""paragraphs_per_chunk"": 2, ""overlap"": 1}",completed,paper_PAPER - Torres et al. - 2024 - Intranasal Versus Oral Treatments for Allergic Rhinitis A Systematic Review Wit,paper,PAPER - Torres et al. - 2024 - Intranasal Versus Oral Treatments for Allergic Rhinitis A Systematic Review Wit.md,paper\PAPER - Torres et al. - 2024 - Intranasal Versus Oral Treatments for Allergic Rhinitis A Systematic Review Wit.md,BAAI/bge-m3,363,0,5,22.0,31.0,96.26,108.0,2624,208.95,34944,17300,2.02,0.103316,807.7,807.69,-0.0
parent_child_chunking,ParentChildChunker,PCC,"{""parent_chunk_size"": 512, ""child_chunk_size"": 175, ""chunk_overlap"": 75}",completed,paper_PAPER - Torres et al. - 2024 - Intranasal Versus Oral Treatments for Allergic Rhinitis A Systematic Review Wit,paper,PAPER - Torres et al. - 2024 - Intranasal Versus Oral Treatments for Allergic Rhinitis A Systematic Review Wit.md,paper\PAPER - Torres et al. - 2024 - Intranasal Versus Oral Treatments for Allergic Rhinitis A Systematic Review Wit.md,BAAI/bge-m3,239,0,6,106.0,138.0,172.38,158.5,499,123.23,41199,17300,2.381,0.45702,805.62,805.75,0.12
recursive_chunking,RecursiveChunker,RC,"{""chunk_size"": 2000, ""chunk_overlap"": 200}",completed,paper_PAPER - Torres et al. - 2024 - Intranasal Versus Oral Treatments for Allergic Rhinitis A Systematic Review Wit,paper,PAPER - Torres et al. - 2024 - Intranasal Versus Oral Treatments for Allergic Rhinitis A Systematic Review Wit.md,paper\PAPER - Torres et al. - 2024 - Intranasal Versus Oral Treatments for Allergic Rhinitis A Systematic Review Wit.md,BAAI/bge-m3,37,0,81,418.0,497.0,484.03,557.0,694,109.99,17909,17300,1.035,0.050377,805.51,805.5,-0.01
recursive_token_fallback_chunking,RecursiveTokenChunker,RTF,"{""chunk_size"": 512, ""chunk_overlap"": 75}",completed,paper_PAPER - Torres et al. - 2024 - Intranasal Versus Oral Treatments for Allergic Rhinitis A Systematic Review Wit,paper,PAPER - Torres et al. - 2024 - Intranasal Versus Oral Treatments for Allergic Rhinitis A Systematic Review Wit.md,paper\PAPER - Torres et al. - 2024 - Intranasal Versus Oral Treatments for Allergic Rhinitis A Systematic Review Wit.md,BAAI/bge-m3,45,0,171,394.0,434.0,407.29,460.0,499,80.2,18328,17300,1.059,0.23815,806.84,806.84,-0.0
semantic_boundary_detection,SemanticBoundaryChunker,SBDC,"{""breakpoint_threshold_amount"": 80.0, ""buffer_size"": 1, ""embedding_model"": ""sentence-transformers/all-MiniLM-L6-v2""}",completed,paper_PAPER - Torres et al. - 2024 - Intranasal Versus Oral Treatments for Allergic Rhinitis A Systematic Review Wit,paper,PAPER - Torres et al. - 2024 - Intranasal Versus Oral Treatments for Allergic Rhinitis A Systematic Review Wit.md,paper\PAPER - Torres et al. - 2024 - Intranasal Versus Oral Treatments for Allergic Rhinitis A Systematic Review Wit.md,BAAI/bge-m3,92,0,8,15.75,57.0,190.02,87.0,2836,453.07,17482,17300,1.011,4.394626,1220.69,1229.2,8.51
semantic_embedding_based_chunking,SemanticEmbeddingChunker,SEBC,"{""breakpoint_threshold_amount"": 70.0, ""embedding_model"": ""sentence-transformers/all-MiniLM-L6-v2""}",completed,paper_PAPER - Torres et al. - 2024 - Intranasal Versus Oral Treatments for Allergic Rhinitis A Systematic Review Wit,paper,PAPER - Torres et al. - 2024 - Intranasal Versus Oral Treatments for Allergic Rhinitis A Systematic Review Wit.md,paper\PAPER - Torres et al. - 2024 - Intranasal Versus Oral Treatments for Allergic Rhinitis A Systematic Review Wit.md,BAAI/bge-m3,137,0,4,5.0,59.0,128.26,87.0,2840,302.07,17572,17300,1.016,4.25083,972.13,996.2,24.07
semantic_similarity_threshold_chunking,SemanticSimilarityThresholdChunker,SSTC,"{""threshold"": 0.5, ""embedding_model"": ""sentence-transformers/all-MiniLM-L6-v2""}",completed,paper_PAPER - Torres et al. - 2024 - Intranasal Versus Oral Treatments for Allergic Rhinitis A Systematic Review Wit,paper,PAPER - Torres et al. - 2024 - Intranasal Versus Oral Treatments for Allergic Rhinitis A Systematic Review Wit.md,paper\PAPER - Torres et al. - 2024 - Intranasal Versus Oral Treatments for Allergic Rhinitis A Systematic Review Wit.md,BAAI/bge-m3,378,0,4,14.0,26.5,47.76,41.0,2827,158.4,18054,17300,1.044,2.044348,1039.52,1057.86,18.34
semantic_variance_adaptive_chunking,SemanticVarianceAdaptiveChunker,SVAC,"{""sensitivity"": 0.2, ""window_size"": 5, ""embedding_model"": ""sentence-transformers/all-MiniLM-L6-v2""}",completed,paper_PAPER - Torres et al. - 2024 - Intranasal Versus Oral Treatments for Allergic Rhinitis A Systematic Review Wit,paper,PAPER - Torres et al. - 2024 - Intranasal Versus Oral Treatments for Allergic Rhinitis A Systematic Review Wit.md,paper\PAPER - Torres et al. - 2024 - Intranasal Versus Oral Treatments for Allergic Rhinitis A Systematic Review Wit.md,BAAI/bge-m3,43,0,6,72.5,244.0,404.28,467.5,3208,569.73,17384,17300,1.005,2.512091,1283.03,1290.32,7.29
sentence_based_chunking,SentenceBasedChunker,SBC,{},completed,paper_PAPER - Torres et al. - 2024 - Intranasal Versus Oral Treatments for Allergic Rhinitis A Systematic Review Wit,paper,PAPER - Torres et al. - 2024 - Intranasal Versus Oral Treatments for Allergic Rhinitis A Systematic Review Wit.md,paper\PAPER - Torres et al. - 2024 - Intranasal Versus Oral Treatments for Allergic Rhinitis A Systematic Review Wit.md,BAAI/bge-m3,428,0,4,14.75,27.0,42.42,42.0,2228,118.57,18154,17300,1.049,0.062895,804.87,805.5,0.63
sentence_group_chunking,SentenceGroupChunker,SGC,"{""sentences_per_chunk"": 10, ""overlap"": 2}",completed,paper_PAPER - Torres et al. - 2024 - Intranasal Versus Oral Treatments for Allergic Rhinitis A Systematic Review Wit,paper,PAPER - Torres et al. - 2024 - Intranasal Versus Oral Treatments for Allergic Rhinitis A Systematic Review Wit.md,paper\PAPER - Torres et al. - 2024 - Intranasal Versus Oral Treatments for Allergic Rhinitis A Systematic Review Wit.md,BAAI/bge-m3,54,0,81,197.25,306.5,392.67,401.5,3171,449.42,21204,17300,1.226,0.061854,806.27,806.5,0.23
sliding_window_token_chunking,SlidingWindowTokenChunker,SWC,"{""window_size"": 512, ""step_size"": 75}",completed,paper_PAPER - Torres et al. - 2024 - Intranasal Versus Oral Treatments for Allergic Rhinitis A Systematic Review Wit,paper,PAPER - Torres et al. - 2024 - Intranasal Versus Oral Treatments for Allergic Rhinitis A Systematic Review Wit.md,paper\PAPER - Torres et al. - 2024 - Intranasal Versus Oral Treatments for Allergic Rhinitis A Systematic Review Wit.md,BAAI/bge-m3,225,0,500,514.0,514.0,514.06,514.0,515,1.01,115664,17300,6.686,0.078346,811.02,812.05,1.03
topic_based_chunking,TopicBasedChunker,TBC,"{""distance_threshold"": 0.4, ""embedding_model"": ""sentence-transformers/all-MiniLM-L6-v2""}",completed,paper_PAPER - Torres et al. - 2024 - Intranasal Versus Oral Treatments for Allergic Rhinitis A Systematic Review Wit,paper,PAPER - Torres et al. - 2024 - Intranasal Versus Oral Treatments for Allergic Rhinitis A Systematic Review Wit.md,paper\PAPER - Torres et al. - 2024 - Intranasal Versus Oral Treatments for Allergic Rhinitis A Systematic Review Wit.md,BAAI/bge-m3,154,0,5,18.0,34.5,114.32,93.75,5116,421.1,17606,17300,1.018,1.932698,1194.14,1152.91,-41.23
