specialty,specialty_total,sub-specialty,MEDMCQA,SMEDQA,total
Medicine,18182,(sin sub-specialty),9053,0,9053
Medicine,18182,C.V.S,747,0,747
Medicine,18182,Miscellaneous,717,0,717
Medicine,18182,Endocrinology,680,0,680
Medicine,18182,C.N.S,432,0,432
Medicine,18182,All India exam,391,0,391
Medicine,18182,Infection,389,0,389
Medicine,18182,Kidney,319,0,319
Medicine,18182,Respiratory system,288,0,288
Medicine,18182,C.N.S.,286,0,286
Medicine,18182,C.V.S.,277,0,277
Medicine,18182,G.I.T,266,0,266
Medicine,18182,Haematology,211,0,211
Medicine,18182,Respiratory,180,0,180
Medicine,18182,Immune system,176,0,176
Medicine,18182,Immunology and Rheumatology,162,0,162
Medicine,18182,Blood,148,0,148
Medicine,18182,Fluid and electrolytes,142,0,142
Medicine,18182,Oncology,132,0,132
Medicine,18182,G.I.T.,118,0,118
Medicine,18182,Nutrition,88,0,88
Medicine,18182,Genetics,70,0,70
Medicine,18182,Fluid & Electrolyte,69,0,69
Medicine,18182,Diabetes Mellitus,60,0,60
Medicine,18182,Disorders of Adrenal Gland,59,0,59
Medicine,18182,Acute coronary syndrome,51,0,51
Medicine,18182,Drugs,50,0,50
Medicine,18182,Stroke and TIA,48,0,48
Medicine,18182,Skin,47,0,47
Medicine,18182,Disorder of Metabolism & Connective Tissue,46,0,46
Medicine,18182,Hepatitis,46,0,46
Medicine,18182,Toxicology,43,0,43
Medicine,18182,Disorders of pituitary gland,37,0,37
Medicine,18182,ECG and Arrhythmias 1,37,0,37
Medicine,18182,NEET 2019,36,0,36
Medicine,18182,NEET Jan 2020,36,0,36
Medicine,18182,Bacteriology,35,0,35
Medicine,18182,Fluids and Electrolyte Imbalance,35,0,35
Medicine,18182,Nephrotic and Nephritic syndrome,35,0,35
Medicine,18182,Chronic Kidney Disease & Diabetic Nephropathy,34,0,34
Medicine,18182,Malabsorbtion Syndrome,34,0,34
Medicine,18182,Bacterial infection,33,0,33
Medicine,18182,Vasculitis,33,0,33
Medicine,18182,COPD and Asthma,31,0,31
Medicine,18182,Diseases of Thyroid,31,0,31
Medicine,18182,Interstitial Lung Disease,30,0,30
Medicine,18182,ECG and Arrhythmia 2,28,0,28
Medicine,18182,viral infection,28,0,28
Medicine,18182,Diabites & Inappropriate Antidiuretic Hormone,27,0,27
Medicine,18182,Electrolyte Imbalance,27,0,27
Medicine,18182,Epilepsy and EEG,26,0,26
Medicine,18182,Glomerular Diseases,26,0,26
Medicine,18182,Electrocardiography,25,0,25
Medicine,18182,Bleeding from the GUT and diseases of esophagus,23,0,23
Medicine,18182,Cerebrovascular,23,0,23
Medicine,18182,Inflammatory Bowel Disease,23,0,23
Medicine,18182,Peptic Ulcer Disease,23,0,23
Medicine,18182,Virology,23,0,23
Medicine,18182,Misc.,22,0,22
Medicine,18182,Valvular hea diseases,22,0,22
Medicine,18182,ECG and Arrhythmia 3,21,0,21
Medicine,18182,Rheumatoid Ahritis,21,0,21
Medicine,18182,Valvular Heart Disease,21,0,21
Medicine,18182,Cirrhosis,20,0,20
Medicine,18182,FMGE 2018,20,0,20
Medicine,18182,Raised ICP and Brain death,20,0,20
Medicine,18182,Anemia and RBC Disorders,19,0,19
Medicine,18182,Bleeding and Thrombotic Disorders,19,0,19
Medicine,18182,Blood Bank & Transfusion Therapy,19,0,19
Medicine,18182,Cushing Syndrome,19,0,19
Medicine,18182,Disorders of Parathyroid Gland,19,0,19
Medicine,18182,General,19,0,19
Medicine,18182,Systemic Lupus Erythematous,19,0,19
Medicine,18182,Arrhythmias,18,0,18
Medicine,18182,Miscellaneous QBank,18,0,18
Medicine,18182,"Pneumonia, Bronchiectasis, and Lung Abscess",18,0,18
Medicine,18182,Emergency Clinical Scenario,17,0,17
Medicine,18182,FMGE 2017,17,0,17
Medicine,18182,Hea Sounds,17,0,17
Medicine,18182,Miscellaneous (C.N.S.),17,0,17
Medicine,18182,Platelet & Coagulation disorders,17,0,17
Medicine,18182,"Sickle Cell Disease, G6PD deficiency and other Hemolytic Anemia",17,0,17
Medicine,18182,Brain Hemorrhage,16,0,16
Medicine,18182,Cystic fibrosis & Sleep apnea,16,0,16
Medicine,18182,Hea failure,16,0,16
Medicine,18182,Hypeension,16,0,16
Medicine,18182,Liver,16,0,16
Medicine,18182,Pneumonia,16,0,16
Medicine,18182,Sarcoidosis,16,0,16
Medicine,18182,Thromboembolism and Fat Embolism Syndrome,16,0,16
Medicine,18182,Channelopathies and Neuropathies,15,0,15
Medicine,18182,Miscellaneous Questions,15,0,15
Medicine,18182,Murmurs,15,0,15
Medicine,18182,Seizures and Epilepsy,15,0,15
Medicine,18182,AIIMS 2018,14,0,14
Medicine,18182,AIIMS 2019,14,0,14
Medicine,18182,Cardiomyopathies,14,0,14
Medicine,18182,Cranial Nerve Disorders,14,0,14
Medicine,18182,JIPMER 2018,14,0,14
Medicine,18182,Lymphoma and Plasma cell disorder,14,0,14
Medicine,18182,Tumors of Nervous System,14,0,14
Medicine,18182,ABG Analysis Simplified,13,0,13
Medicine,18182,AIIMS 2017,13,0,13
Medicine,18182,Budd chiari syndrome & Pancreatitis,13,0,13
Medicine,18182,CLL & CML,13,0,13
Medicine,18182,Guillian Barre syndrome & Alzheimer's disease,13,0,13
Medicine,18182,Peripheral Nerve & Muscles,13,0,13
Medicine,18182,SLE,13,0,13
Medicine,18182,Thalassemia,13,0,13
Medicine,18182,Thyroid,13,0,13
Medicine,18182,AML & ALL,12,0,12
Medicine,18182,Chronic Kidney Disease and Uremia,12,0,12
Medicine,18182,Kidney Stones & Renal Tubular Acidosis,12,0,12
Medicine,18182,Parkinsonism and other movement disorders,12,0,12
Medicine,18182,Pneumothorax,12,0,12
Medicine,18182,Psychiatry,12,0,12
Medicine,18182,Adrenal,11,0,11
Medicine,18182,Bronchiectasis,11,0,11
Medicine,18182,CNS,11,0,11
Medicine,18182,Inflammatory Bowel Diseases,11,0,11
Medicine,18182,Myasthenia Gravis and Muscular dystrophy,11,0,11
Medicine,18182,Tuberculosis,11,0,11
Medicine,18182,Acute Kidney Injury,10,0,10
Medicine,18182,Asthma,10,0,10
Medicine,18182,Demyelinating disorder,10,0,10
Medicine,18182,Hepatic encephalopathy & hepatic failure,10,0,10
Medicine,18182,Hereditary Hyperbilirubinemia & Jaundice,10,0,10
Medicine,18182,Hypertension,10,0,10
Medicine,18182,JIPMER 2017,10,0,10
Medicine,18182,Pleural effusion & Pulmonary alveolar proteinosis,10,0,10
Medicine,18182,Respiratory Failure,10,0,10
Medicine,18182,Rheumatic Hea disease & infective endocarditis,10,0,10
Medicine,18182,Anemia,9,0,9
Medicine,18182,"Flow Volume curve, Spirometry and DLCO",9,0,9
Medicine,18182,Headache And Migraine,9,0,9
Medicine,18182,Intracranial Space Occupying Lesion,9,0,9
Medicine,18182,Leukemia,9,0,9
Medicine,18182,Polycystic Kidneys,9,0,9
Medicine,18182,Respiratory System,9,0,9
Medicine,18182,Scleroderma,9,0,9
Medicine,18182,Takotsubo Cardiomyopathy and Brugada Syndrome,9,0,9
Medicine,18182,Cardiomyopathy & Pericarditis,8,0,8
Medicine,18182,Electrolyte,8,0,8
Medicine,18182,Intestine,8,0,8
Medicine,18182,M.I. & Angina,8,0,8
Medicine,18182,Miscellaneous (Endocrinology),8,0,8
Medicine,18182,Nephrology,8,0,8
Medicine,18182,Transfusion,8,0,8
Medicine,18182,Zollinger Ellision Syndrome,8,0,8
Medicine,18182,parasitic infection,8,0,8
Medicine,18182,Alteration of Body Temperature,7,0,7
Medicine,18182,Amyotrophic Lateral Sclerosis and other motor neuron diseases,7,0,7
Medicine,18182,Aphasia,7,0,7
Medicine,18182,"Bater syndrome, Gitelman syndrome, Liddle and Comparison with SIADH",7,0,7
Medicine,18182,Chronic Obstructive Pulmonary Disease,7,0,7
Medicine,18182,Congenital Heart Disease,7,0,7
Medicine,18182,Crystal Ahropathy,7,0,7
Medicine,18182,Disease of pericardium,7,0,7
Medicine,18182,Diseases of the Aorta,7,0,7
Medicine,18182,Headache,7,0,7
Medicine,18182,Hypercalcemia and Hypocalcemia,7,0,7
Medicine,18182,JIPMER 2019,7,0,7
Medicine,18182,Meningitis and Encephalitis,7,0,7
Medicine,18182,NEET 2018,7,0,7
Medicine,18182,Oesophagus,7,0,7
Medicine,18182,Pituitary and Hypothalamus,7,0,7
Medicine,18182,Pleural Effusion & Pneumothorax,7,0,7
Medicine,18182,Pulmonary Embolism,7,0,7
Medicine,18182,Urinary Tract Infections and Interstitial Cystitis,7,0,7
Medicine,18182,fungal infection,7,0,7
Medicine,18182,Acute Renal Failure,6,0,6
Medicine,18182,Alcohol,6,0,6
Medicine,18182,Cirrhosis and Alcoholic Liver Disease,6,0,6
Medicine,18182,Dementia,6,0,6
Medicine,18182,Infective Endocarditis,6,0,6
Medicine,18182,Parasitology,6,0,6
Medicine,18182,Parkinsonism,6,0,6
Medicine,18182,Pericardial Disease,6,0,6
Medicine,18182,Rheumatic,6,0,6
Medicine,18182,Rheumatoid Arthritis,6,0,6
Medicine,18182,DNB 2018,5,0,5
Medicine,18182,Eye,5,0,5
Medicine,18182,FMGE 2019,5,0,5
Medicine,18182,Gall Bladder,5,0,5
Medicine,18182,Hemolytic Anemia,5,0,5
Medicine,18182,Lymphoma,5,0,5
Medicine,18182,Miscellaneous (C.V.S.),5,0,5
Medicine,18182,Multiple Sclerosis,5,0,5
Medicine,18182,Platelet Disorders,5,0,5
Medicine,18182,Polycythemia,5,0,5
Medicine,18182,Renal Tubular Disease,5,0,5
Medicine,18182,Wilson Disease,5,0,5
Medicine,18182,CVS,4,0,4
Medicine,18182,Dialysis,4,0,4
Medicine,18182,Disorders of Ventilation,4,0,4
Medicine,18182,Drugs (C.N.S.),4,0,4
Medicine,18182,Miscellaneous (Infection),4,0,4
Medicine,18182,Pneumoconiosis,4,0,4
Medicine,18182,ALS and Other Motor Neuron Diseases,3,0,3
Medicine,18182,Diseases of Immediate-Type Hypersensitivity,3,0,3
Medicine,18182,Disorder of Absorption,3,0,3
Medicine,18182,E.N.T.,3,0,3
Medicine,18182,Gynae & OBS,3,0,3
Medicine,18182,Myeloma,3,0,3
Medicine,18182,Myocardial Infarction,3,0,3
Medicine,18182,Pancreas,3,0,3
Medicine,18182,Parathyroid,3,0,3
Medicine,18182,Peptic Ulcer and Related Disorders,3,0,3
Medicine,18182,Peripheral Vascular Disease,3,0,3
Medicine,18182,Renal Transplantation,3,0,3
Medicine,18182,Respiratory Function,3,0,3
Medicine,18182,Shock,3,0,3
Medicine,18182,Spinal Cord Diseases,3,0,3
Medicine,18182,AIDs,2,0,2
Medicine,18182,Acute Respiratory Distress Syndrome,2,0,2
Medicine,18182,Ataxic Disorders,2,0,2
Medicine,18182,Autonomic Nervous System Disorders,2,0,2
Medicine,18182,Brain,2,0,2
Medicine,18182,Hypertrophic cardiomyopathy,2,0,2
Medicine,18182,Nephrolithiasis,2,0,2
Medicine,18182,Pulmonary Thromboembolism and Deep-Vein Thrombosis,2,0,2
Medicine,18182,Sickle Cell Anemia,2,0,2
Medicine,18182,Smoking,2,0,2
Medicine,18182,Stomach,2,0,2
Medicine,18182,AIIMS 2020,1,0,1
Medicine,18182,Bone & Mineral Metabolism,1,0,1
Medicine,18182,Carcinoid,1,0,1
Medicine,18182,Disorders of Female Reproductive System,1,0,1
Medicine,18182,Geriatric,1,0,1
Medicine,18182,Lung,1,0,1
Medicine,18182,Noninvasive Examination of the Heart,1,0,1
Medicine,18182,Osteoarthritis,1,0,1
Medicine,18182,Osteoporosis and Osteomalacia,1,0,1
Medicine,18182,Pulmonary Diagnostic Procedures,1,0,1
Medicine,18182,Soft Tissue,1,0,1
Surgery,17231,(sin sub-specialty),10201,0,10201
Surgery,17231,G.I.T,737,0,737
Surgery,17231,Urology,403,0,403
Surgery,17231,Trauma,336,0,336
Surgery,17231,Miscellaneous,282,0,282
Surgery,17231,Endocrinology and breast,279,0,279
Surgery,17231,General surgery,277,0,277
Surgery,17231,Breast,191,0,191
Surgery,17231,Small & Large Intestine,175,0,175
Surgery,17231,Head and neck,163,0,163
Surgery,17231,Pancreas,161,0,161
Surgery,17231,All India exam,156,0,156
Surgery,17231,Vascular surgery,155,0,155
Surgery,17231,Stomach & Duodenum,147,0,147
Surgery,17231,Oesophagus,114,0,114
Surgery,17231,Urethra & Penis,101,0,101
Surgery,17231,Liver,95,0,95
Surgery,17231,Thyroid Gland,91,0,91
Surgery,17231,Nervous System,79,0,79
Surgery,17231,Gall Bladder & Bile Ducts,78,0,78
Surgery,17231,Transplantation,76,0,76
Surgery,17231,Kidney & Ureturs,69,0,69
Surgery,17231,Cardio thoracic surgery  ,62,0,62
Surgery,17231,Plastic & Reconstructive Surgery,60,0,60
Surgery,17231,Hernia,56,0,56
Surgery,17231,Aerial disorders,46,0,46
Surgery,17231,Miscellaneous (Neoplasia),44,0,44
Surgery,17231,Testis & Scrotum,41,0,41
Surgery,17231,Oral Cavity,40,0,40
Surgery,17231,Kidney and ureter,39,0,39
Surgery,17231,Neck,38,0,38
Surgery,17231,"Wounds, Tissue Repair & Scars",38,0,38
Surgery,17231,Spleen,36,0,36
Surgery,17231,Thyroid,36,0,36
Surgery,17231,Arterial Disorders,35,0,35
Surgery,17231,Plastic Surgery and Skin Lesions,35,0,35
Surgery,17231,Thyroid Malignancies,35,0,35
Surgery,17231,Benign Gastric Disease,34,0,34
Surgery,17231,CNS Tumors,34,0,34
Surgery,17231,Gallbladder,34,0,34
Surgery,17231,Salivary Glands,33,0,33
Surgery,17231,Burns,32,0,32
Surgery,17231,Oral cavity,32,0,32
Surgery,17231,Salivary Gland,32,0,32
Surgery,17231,Cerebrovascular Diseases,31,0,31
Surgery,17231,Parathyroid and adrenal glands,31,0,31
Surgery,17231,Esophagus,30,0,30
Surgery,17231,FMGE 2019,30,0,30
Surgery,17231,Oncology,30,0,30
Surgery,17231,Orthopedics,30,0,30
Surgery,17231,Rectum,30,0,30
Surgery,17231,Vermiform Appendix,30,0,30
Surgery,17231,Intestinal obstruction,29,0,29
Surgery,17231,Large intestine,28,0,28
Surgery,17231,Peritoneum,28,0,28
Surgery,17231,Shock,28,0,28
Surgery,17231,Thorax And Mediastinum,28,0,28
Surgery,17231,Venous Disorders,28,0,28
Surgery,17231,Breast Cancer - Treatments,26,0,26
Surgery,17231,FMGE 2018,25,0,25
Surgery,17231,General Surgery,25,0,25
Surgery,17231,NEET Jan 2020,25,0,25
Surgery,17231,Small intestine,24,0,24
Surgery,17231,Breast Cancer - Types and Staging,23,0,23
Surgery,17231,Fluid & Electrolyte,23,0,23
Surgery,17231,GIT,23,0,23
Surgery,17231,Inflammatory bowel disease,23,0,23
Surgery,17231,"Fluid, Electrolyte and Nutrition",22,0,22
Surgery,17231,Gallstone Disease,22,0,22
Surgery,17231,NEET 2019,22,0,22
Surgery,17231,Neoplasia,22,0,22
Surgery,17231,Testis and scrotum,22,0,22
Surgery,17231,Urethra and penis,22,0,22
Surgery,17231,Bile duct,21,0,21
Surgery,17231,Intestinal Obstruction,21,0,21
Surgery,17231,Rectum and anal canal,20,0,20
Surgery,17231,Salivary Gland Neoplasms,20,0,20
Surgery,17231,Heart & Pericardium,19,0,19
Surgery,17231,"Hepatic Tumors, Cysts, and Abscesses",19,0,19
Surgery,17231,Miscellaneous (Neck),19,0,19
Surgery,17231,Abdominal Injury,18,0,18
Surgery,17231,Prostate Cancer,18,0,18
Surgery,17231,"Robotics, Laparoscopy and Bariatric Surgery",18,0,18
Surgery,17231,Miscellaneous (Small & Large Intestine),17,0,17
Surgery,17231,Pediatric Surgery,17,0,17
Surgery,17231,Prostate and seminal vesicles,17,0,17
Surgery,17231,Urinary Tract,17,0,17
Surgery,17231,Colon and Rectum - Polyps and Carcinoma,16,0,16
Surgery,17231,General Management of Wounds,16,0,16
Surgery,17231,Hernia and abdominal wall,16,0,16
Surgery,17231,Pathophysiology - Acute Pancreatitis,16,0,16
Surgery,17231,E.N.T.,15,0,15
Surgery,17231,Initial Assessment,15,0,15
Surgery,17231,Peripheral Arterial Occlusive Disease,15,0,15
Surgery,17231,Sutures and Anastomoses,15,0,15
Surgery,17231,Urolithiasis,15,0,15
Surgery,17231,Breast Cancer - Prognosis and Follow-Up,14,0,14
Surgery,17231,Head Injury,14,0,14
Surgery,17231,Inguinal Hernias,14,0,14
Surgery,17231,JIPMER 2017,14,0,14
Surgery,17231,Miscellaneous (Urethra & Penis),14,0,14
Surgery,17231,NEET 2018,14,0,14
Surgery,17231,Poal Hypeension,14,0,14
Surgery,17231,Urinary bladder,14,0,14
Surgery,17231,Facial Injuries and Abnormalities,13,0,13
Surgery,17231,JIPMER 2018,13,0,13
Surgery,17231,Prostate & Seminal Vesicles,13,0,13
Surgery,17231,Varicose Veins,13,0,13
Surgery,17231,AIIMS 2019,12,0,12
Surgery,17231,Acute Appendicitis,12,0,12
Surgery,17231,Miscellaneous (Kidney & Uterus),12,0,12
Surgery,17231,Renal Tumors,12,0,12
Surgery,17231,"Wound Healing, Tissue Repair and Scar",12,0,12
Surgery,17231,Cleft Lip & Palate,11,0,11
Surgery,17231,DNB 2018,11,0,11
Surgery,17231,Diagnostic Evaluation of the Esophagus,11,0,11
Surgery,17231,Gallbladder Cancer,11,0,11
Surgery,17231,Miscellaneous (Liver),11,0,11
Surgery,17231,Pathophysiology - Neoplasms,11,0,11
Surgery,17231,Urinary Bladder,11,0,11
Surgery,17231,Bladder Cancer,10,0,10
Surgery,17231,Esophageal Motility Disorders,10,0,10
Surgery,17231,Lung,10,0,10
Surgery,17231,Miscellaneous (Breast),10,0,10
Surgery,17231,Traumatic Brain Injury,10,0,10
Surgery,17231,AIIMS 2018,9,0,9
Surgery,17231,Disorders of the Anal Canal,9,0,9
Surgery,17231,"Esophageal Diseases - Gastroesophageal Reflux Disease, Carcinoma",9,0,9
Surgery,17231,Hepatobiliary and Pancreatic Sx,9,0,9
Surgery,17231,Lymphatic System,9,0,9
Surgery,17231,Miscellaneous (Gall Bladder & Bile Ducts),9,0,9
Surgery,17231,Miscellaneous (Testis & Scrotum),9,0,9
Surgery,17231,"Procedures - Cholecystectomy, Bile Duct Exploration, Store Extraction",9,0,9
Surgery,17231,Thorax,9,0,9
Surgery,17231,Colon and Rectum - Benign Colonic Disorders,8,0,8
Surgery,17231,Initial Care of the Burn Patient,8,0,8
Surgery,17231,JIPMER 2019,8,0,8
Surgery,17231,Malignant Gastric Disease,8,0,8
Surgery,17231,AIIMS 2017,7,0,7
Surgery,17231,Clinical Presentation and Physiology,7,0,7
Surgery,17231,Established Infection,7,0,7
Surgery,17231,Miscellaneous (Salivary Gland),7,0,7
Surgery,17231,Neoplastic Disorders,7,0,7
Surgery,17231,Reconstructive Techniques,7,0,7
Surgery,17231,Testicular Cancer,7,0,7
Surgery,17231,Unusual Hernias,7,0,7
Surgery,17231,Anal Canal,6,0,6
Surgery,17231,Benign Duodenal Disease,6,0,6
Surgery,17231,Central Nervous System Tumors,6,0,6
Surgery,17231,Chronic Venous Insufficiency,6,0,6
Surgery,17231,Evaluation of a Thyroid Nodule,6,0,6
Surgery,17231,Male Reproductive Medicine and Sexual Dysfunction,6,0,6
Surgery,17231,"Miscellaneous (Wounds, Tissue Repair & Scars)",6,0,6
Surgery,17231,Nipple Discharge,6,0,6
Surgery,17231,Small Intestine - Small Bowel Obstruction,6,0,6
Surgery,17231,Surgical Approaches to the Thyroid,6,0,6
Surgery,17231,Thoracic Injury,6,0,6
Surgery,17231,Anatomy & Physiology (Liver),5,0,5
Surgery,17231,Aneurysms,5,0,5
Surgery,17231,Disorders of Thyroid Metabolism,5,0,5
Surgery,17231,End-Stage Liver Disease and Liver Transplantation,5,0,5
Surgery,17231,Lung Cancer,5,0,5
Surgery,17231,Maxillo Facial Injuries,5,0,5
Surgery,17231,Parathyroid & Adrenal Glands,5,0,5
Surgery,17231,Pathophysiology of Burn and Inhalation Injury,5,0,5
Surgery,17231,Peritoneal Disorders - Peritonitis,5,0,5
Surgery,17231,Postgastrectomy Complications,5,0,5
Surgery,17231,Small Intestine - Congenital Abnormalities,5,0,5
Surgery,17231,Appendiceal Tumors,4,0,4
Surgery,17231,Benign Prostatic Hyperplasia,4,0,4
Surgery,17231,Blood Transfusion,4,0,4
Surgery,17231,"Colon, Rectum, and Anus - Diagnostic Evaluation",4,0,4
Surgery,17231,Esophageal Perforation,4,0,4
Surgery,17231,Infection,4,0,4
Surgery,17231,"Mediastinum, Cysts, and Neoplasms",4,0,4
Surgery,17231,Miscellaneous (Fluid & Electrolyte),4,0,4
Surgery,17231,Pathophysiology - Chronic Pancreatitis,4,0,4
Surgery,17231,Pathophysiology - Pancreatic Endocrine Tumors,4,0,4
Surgery,17231,Prevention of Surgical Infections,4,0,4
Surgery,17231,Thoracic Outlet Syndrome,4,0,4
Surgery,17231,Acute Arterial Occlusion,3,0,3
Surgery,17231,Anatomy & Physiology (Testis & Scrotum),3,0,3
Surgery,17231,Anatomy (Urethra & Penis),3,0,3
Surgery,17231,Consequences and Complications of Splenectomy,3,0,3
Surgery,17231,Evaluation and Management of Portal Hypertension,3,0,3
Surgery,17231,FMGE 2017,3,0,3
Surgery,17231,Femoral Hernias,3,0,3
Surgery,17231,Fluids & Electrolyte Disorders - Acid-Base Balance,3,0,3
Surgery,17231,Fluids & Electrolyte Disorders - Volume,3,0,3
Surgery,17231,Miscellaneous (Bladder),3,0,3
Surgery,17231,Miscellaneous (Lung),3,0,3
Surgery,17231,Miscellaneous (Pancreas),3,0,3
Surgery,17231,Miscellaneous (Parathyroid & Adrenal Glands),3,0,3
Surgery,17231,Miscellaneous (Thyroid Gland),3,0,3
Surgery,17231,Small Intestine - Crohn's Disease,3,0,3
Surgery,17231,Small Intestine - Mesenteric Ischemia,3,0,3
Surgery,17231,Amputation,2,0,2
Surgery,17231,Anal Fissures,2,0,2
Surgery,17231,Anal Malignancy,2,0,2
Surgery,17231,Anatomy & Physiology (Oesophagus),2,0,2
Surgery,17231,Anatomy & Physiology (Peritonium),2,0,2
Surgery,17231,Anatomy & Physiology (Vermiform Apendix),2,0,2
Surgery,17231,Anatomy (Arterial Disorders),2,0,2
Surgery,17231,Anatomy (Gall Bladder & Bile Ducts),2,0,2
Surgery,17231,Anatomy (Kidney & Ureturs),2,0,2
Surgery,17231,Anatomy (Neck),2,0,2
Surgery,17231,Anatomy (Stomach and Duodenum),2,0,2
Surgery,17231,Anatomy and Physiology,2,0,2
Surgery,17231,Bile Duct Injury and Stricture,2,0,2
Surgery,17231,Bladder Injuries,2,0,2
Surgery,17231,Cerebrovascular Disorders,2,0,2
Surgery,17231,Esophageal Disorders - Clinical Presentation,2,0,2
Surgery,17231,Fibroadenoma,2,0,2
Surgery,17231,Hiatal Hernias,2,0,2
Surgery,17231,Ileostomy and colostomy,2,0,2
Surgery,17231,Intracranial Dynamics,2,0,2
Surgery,17231,Miscellaneous (Anal Canal),2,0,2
Surgery,17231,Miscellaneous (Lymphatic System),2,0,2
Surgery,17231,Miscellaneous (Thorax),2,0,2
Surgery,17231,"Normal Physiology - Sodium, Potassium, and Acid-Base Balance",2,0,2
Surgery,17231,Other Vascular Disorders,2,0,2
Surgery,17231,Pathogenesis,2,0,2
Surgery,17231,Pediatric Neurosurgery,2,0,2
Surgery,17231,Peritoneal Disorders - Malignant Neoplasms,2,0,2
Surgery,17231,Physiology and Pathophysiology - Primary Hyperparathyroidism,2,0,2
Surgery,17231,Small Intestine - Small Bowel Tumors,2,0,2
Surgery,17231,Surgical Treatment Obesity,2,0,2
Surgery,17231,Trauma (Pancreas),2,0,2
Surgery,17231,Tumor Markers,2,0,2
Surgery,17231,Anatomy (Prostate & Seminal Vesicales),1,0,1
Surgery,17231,Aortic Dissection,1,0,1
Surgery,17231,Atherosclerosis,1,0,1
Surgery,17231,Benign Esophageal Lesions,1,0,1
Surgery,17231,Carcinogenesis,1,0,1
Surgery,17231,Central Nervous System Infections,1,0,1
Surgery,17231,Definitive Care of Burn Injuries,1,0,1
Surgery,17231,Fluids & Electrolyte Disorders - Electrolyte Concentrations,1,0,1
Surgery,17231,Genitourinary System,1,0,1
Surgery,17231,Gram-Positive Infections - Corynebacterial Infections,1,0,1
Surgery,17231,Hemorrhoids,1,0,1
Surgery,17231,Injury to Specific Organs,1,0,1
Surgery,17231,"Lung and Trachea - Trauma, Congenital Issues, and Cancer",1,0,1
Surgery,17231,"Management of Contaminated, Infected, and Chronic Wounds",1,0,1
Surgery,17231,Miscellaneous (Burn),1,0,1
Surgery,17231,Miscellaneous (Infection),1,0,1
Surgery,17231,Miscellaneous (Stomach & Duodenum),1,0,1
Surgery,17231,Pancreatic Vascular Anatomy and Innervation,1,0,1
Surgery,17231,Pelvic Fractures,1,0,1
Surgery,17231,Physiology and Pathophysiology - Secondary & Tertiary Hyperparathyroidism,1,0,1
Surgery,17231,Physiology and Phases of Wound Healing,1,0,1
Surgery,17231,Plastic Surgery of the Head and Neck,1,0,1
Surgery,17231,Pulmonary Embolism,1,0,1
Surgery,17231,Reconstruction,1,0,1
Surgery,17231,Rectal Prolapse,1,0,1
Surgery,17231,Renal Injuries,1,0,1
Surgery,17231,Special Problems ,1,0,1
Surgery,17231,Special Problems in Burn Care,1,0,1
Surgery,17231,Surgical Disorders of Spleen,1,0,1
Surgery,17231,Ventral Hernias,1,0,1
Pathology,15221,(sin sub-specialty),8124,0,8124
Pathology,15221,General pathology,868,0,868
Pathology,15221,All India exam,544,0,544
Pathology,15221,Haematology,343,0,343
Pathology,15221,Urinary tract,243,0,243
Pathology,15221,miscellaneous,199,0,199
Pathology,15221,Blood,185,0,185
Pathology,15221,G.I.T,175,0,175
Pathology,15221,Cardiovascular system,161,0,161
Pathology,15221,Genetics,158,0,158
Pathology,15221,Immunity,155,0,155
Pathology,15221,Cellular Pathology,141,0,141
Pathology,15221,Breast,133,0,133
Pathology,15221,Respiration,114,0,114
Pathology,15221,Misc.,110,0,110
Pathology,15221,G.I.T.,103,0,103
Pathology,15221,Kidney,94,0,94
Pathology,15221,Endocrinology,88,0,88
Pathology,15221,Respiratory system,87,0,87
Pathology,15221,Neoplasia,86,0,86
Pathology,15221,Inflammation & Repair,81,0,81
Pathology,15221,Liver & Biliary Tract,76,0,76
Pathology,15221,C.V.S,75,0,75
Pathology,15221,Central Nervous System,75,0,75
Pathology,15221,Miscellaneous,63,0,63
Pathology,15221,Nervous system,60,0,60
Pathology,15221,Endocrine,59,0,59
Pathology,15221,Blood Vessels,58,0,58
Pathology,15221,Female Genital Tract,50,0,50
Pathology,15221,Infectious Disease,49,0,49
Pathology,15221,Misc. (W.B.C),48,0,48
Pathology,15221,Hemodynamics,47,0,47
Pathology,15221,Misc. (R.B.C),46,0,46
Pathology,15221,Male Genital Tract,45,0,45
Pathology,15221,Environment & Nutritional Pathology,44,0,44
Pathology,15221,Bleeding Disorders,43,0,43
Pathology,15221,Apoptosis,42,0,42
Pathology,15221,General Concepts,40,0,40
Pathology,15221,Systemic Pathology,38,0,38
Pathology,15221,Cytogenetic Disorders,37,0,37
Pathology,15221,Basic Concepts,36,0,36
Pathology,15221,Mendelian Disorders: Single-Gene Defects,35,0,35
Pathology,15221,Skin,34,0,34
Pathology,15221,Histo Pathology,33,0,33
Pathology,15221,Head & Neck,30,0,30
Pathology,15221,Osteology,27,0,27
Pathology,15221,Glomerular Diseases,26,0,26
Pathology,15221,Liver,26,0,26
Pathology,15221,Cells and Tissues of Immune System,25,0,25
Pathology,15221,JIPMER 2017,25,0,25
Pathology,15221,Thyroid and Parathyroid,25,0,25
Pathology,15221,dermatology and infectious disease,25,0,25
Pathology,15221,Basic Concepts and Vascular changes of Acute Inflammation,23,0,23
Pathology,15221,Rheumatic Fever,23,0,23
Pathology,15221,Adrenal Gland,22,0,22
Pathology,15221,Chemical Mediators and Regulators of Inflammation,22,0,22
Pathology,15221,FMGE 2019,22,0,22
Pathology,15221,Hemoglobinopathies: Sickle cell anemia,22,0,22
Pathology,15221,NEET 2019,22,0,22
Pathology,15221,Vasculitis,22,0,22
Pathology,15221,Thyroid Tumor,21,0,21
Pathology,15221,Iron deficiency anemia,20,0,20
Pathology,15221,"Pediatrics, environment and nutrition",20,0,20
Pathology,15221,Disease of Infancy & Childhood,19,0,19
Pathology,15221,Genetic Basics Of Carcinogenesis,19,0,19
Pathology,15221,Hemolytic Anemias: Basic concepts and classification,19,0,19
Pathology,15221,Hemolytic anemia,19,0,19
Pathology,15221,Peripheral Nerve & Skeletal Muscles,19,0,19
Pathology,15221,Autoimmune Diseases,18,0,18
Pathology,15221,Clinical Aspects of Neoplasia,18,0,18
Pathology,15221,"Intestinal Polyps, Colon & Anal Cancer",18,0,18
Pathology,15221,JIPMER 2018,18,0,18
Pathology,15221,Miscellaneous (Blood Vessels),17,0,17
Pathology,15221,Pancreas,17,0,17
Pathology,15221,AIIMS 2018,16,0,16
Pathology,15221,FMGE 2018,16,0,16
Pathology,15221,Iron Deficiency and Megaloblastic Anemia,16,0,16
Pathology,15221,Obstructive Lung Disease,16,0,16
Pathology,15221,Small and Large Intestines,16,0,16
Pathology,15221,Specific Cytogenetic Disorders,16,0,16
Pathology,15221,Carcinogenesis,15,0,15
Pathology,15221,Diabetes,15,0,15
Pathology,15221,Infectious Lung Disease: Pneumonia,15,0,15
Pathology,15221,Irreversible cell Injury/Necrosis,15,0,15
Pathology,15221,Kidney disorders,15,0,15
Pathology,15221,Lukemia,15,0,15
Pathology,15221,Myocardial Infarction,15,0,15
Pathology,15221,NEET Jan 2020,15,0,15
Pathology,15221,Obstructive Lung Diseases,15,0,15
Pathology,15221,Stomach,15,0,15
Pathology,15221,Tumors,15,0,15
Pathology,15221,Bleeding disorder,14,0,14
Pathology,15221,Chronic Inflammation,14,0,14
Pathology,15221,DNB 2018,14,0,14
Pathology,15221,Hallmarks of Cancer,14,0,14
Pathology,15221,Hematology,14,0,14
Pathology,15221,Hematopoeisis: Basic concepts,14,0,14
Pathology,15221,Non Hodgkin Iymphoma,14,0,14
Pathology,15221,Polycystic Kidney Disease,14,0,14
Pathology,15221,Amyloidosis,13,0,13
Pathology,15221,Etiological Factors of Neoplasia,13,0,13
Pathology,15221,Hepatitis,13,0,13
Pathology,15221,Hypersensitivity,13,0,13
Pathology,15221,Hypersensitivity Reactions: Immune-Mediated Injury,13,0,13
Pathology,15221,NEET 2018,13,0,13
Pathology,15221,AIIMS 2019,12,0,12
Pathology,15221,Auto Immune Disorders Introduction,12,0,12
Pathology,15221,Musculoskeletal system,12,0,12
Pathology,15221,Organ Transplant / Graft,12,0,12
Pathology,15221,Reversible Cell Injury,12,0,12
Pathology,15221,Single Gene Disorders,12,0,12
Pathology,15221,Wound Healing,12,0,12
Pathology,15221,Beta thalasemmia,11,0,11
Pathology,15221,Blood transfusion,11,0,11
Pathology,15221,Hypehyroidism and Goitre,11,0,11
Pathology,15221,Immunodeficiency Disorders,11,0,11
Pathology,15221,Interstitial lung diseases,11,0,11
Pathology,15221,Platelet,11,0,11
Pathology,15221,Bilirubin Metabolism,10,0,10
Pathology,15221,Cellular Responses and Adaptations to Stress,10,0,10
Pathology,15221,Chronic Lymphocytic Leukemia,10,0,10
Pathology,15221,Chronic Myelogenous Leukemia,10,0,10
Pathology,15221,Esophageal disorders,10,0,10
Pathology,15221,Introduction,10,0,10
Pathology,15221,Lung Tumor,10,0,10
Pathology,15221,Renal carcinoma,10,0,10
Pathology,15221,AIIMS 2017,9,0,9
Pathology,15221,Acute Inflammation - Overview and Morphologic Patterns,9,0,9
Pathology,15221,Acute Myelogenous Leukemia,9,0,9
Pathology,15221,CNS Tumors,9,0,9
Pathology,15221,Cardiac disorders,9,0,9
Pathology,15221,Endocarditis,9,0,9
Pathology,15221,Immunity disorders,9,0,9
Pathology,15221,Lung Tumors,9,0,9
Pathology,15221,Megaloblastic Anemia,9,0,9
Pathology,15221,Membranous Glomerulopathy and Membranoproliferative Glomerulopathy,9,0,9
Pathology,15221,Nephrotic Syndrome,9,0,9
Pathology,15221,Parathyroids,9,0,9
Pathology,15221,Plasma Cell Disorders and Multiple myeloma,9,0,9
Pathology,15221,"Skin, Bones and Joints",9,0,9
Pathology,15221,Chemical mediators in plasma: Kinin system,8,0,8
Pathology,15221,Etiology: Carcinogenic Agents,8,0,8
Pathology,15221,Immunology,8,0,8
Pathology,15221,Intracellular Accumulations,8,0,8
Pathology,15221,Mechanisms of Cell Injury,8,0,8
Pathology,15221,Miscellaneous (Kidney),8,0,8
Pathology,15221,Neurodegenerative Diseases,8,0,8
Pathology,15221,Other Autoimmune Disorders,8,0,8
Pathology,15221,Oxygen dependent bacterial killing,8,0,8
Pathology,15221,Respiratory Distress Syndrome,8,0,8
Pathology,15221,Small Intestine Malabsorption disorders,8,0,8
Pathology,15221,Tumour markers,8,0,8
Pathology,15221,Acute Lymphoblastic Leukemia,7,0,7
Pathology,15221,Arachidonic acid metabolites,7,0,7
Pathology,15221,Cirrhosis,7,0,7
Pathology,15221,Complement system,7,0,7
Pathology,15221,Diagnostic procedures,7,0,7
Pathology,15221,Disorders of Gallbladder and Extrahepatic Biliary Tract,7,0,7
Pathology,15221,FMGE 2017,7,0,7
Pathology,15221,Female genital Tract,7,0,7
Pathology,15221,Glomerulonephritis,7,0,7
Pathology,15221,Inflammation,7,0,7
Pathology,15221,Miscellaneous (Urinary Tract),7,0,7
Pathology,15221,Myocardial Infraction,7,0,7
Pathology,15221,Nature of Gene Abnormalities,7,0,7
Pathology,15221,Non Hodgkin Lymphoma,7,0,7
Pathology,15221,Pulmonary Tuberculosis and Lung Abscess,7,0,7
Pathology,15221,Thyroiditis,7,0,7
Pathology,15221,Extravascular Changes,6,0,6
Pathology,15221,General Pathology,6,0,6
Pathology,15221,Hodgkin's Lymphoma,6,0,6
Pathology,15221,Morphology of Cell and Tissue Injury,6,0,6
Pathology,15221,Neoplasm of Mature B & T Cells,6,0,6
Pathology,15221,RBC Development and Classification of Anemias,6,0,6
Pathology,15221,Rejection of Transplants,6,0,6
Pathology,15221,Salivary Glands,6,0,6
Pathology,15221,Systemic Disorders affecting Glomerulus,6,0,6
Pathology,15221,Testicular Tumors,6,0,6
Pathology,15221,Tumor,6,0,6
Pathology,15221,Adrenal Cortex and Medulla,5,0,5
Pathology,15221,Atherosclerosis and Arteriosclerosis,5,0,5
Pathology,15221,Bones,5,0,5
Pathology,15221,Characteristics and Epidemiology of Neoplasia,5,0,5
Pathology,15221,Esophagus Applied Anatomy: GERD,5,0,5
Pathology,15221,Free Radical Injury,5,0,5
Pathology,15221,Immune Deficiency Diseases,5,0,5
Pathology,15221,JIPMER 2019,5,0,5
Pathology,15221,Miscellaneous (Endocrine),5,0,5
Pathology,15221,Sarcoidosis,5,0,5
Pathology,15221,Aneurysms and Dissections,4,0,4
Pathology,15221,Blood disorder,4,0,4
Pathology,15221,Cardiomyopathy,4,0,4
Pathology,15221,Clotting factor,4,0,4
Pathology,15221,Hematology: White Blood Cells (Miscellaneous questions),4,0,4
Pathology,15221,Hodgkins Lymphoma,4,0,4
Pathology,15221,Inflammatory Bowel Disease,4,0,4
Pathology,15221,Myeloproliferative Disorder,4,0,4
Pathology,15221,Myeloproliferative Disorders,4,0,4
Pathology,15221,Nephritic Syndrome,4,0,4
Pathology,15221,Ovaries & prostate gland,4,0,4
Pathology,15221,Pigmentation,4,0,4
Pathology,15221,Wilms Tumor,4,0,4
Pathology,15221,Aplastic Anemia,3,0,3
Pathology,15221,Cell and Tissue Regeneration,3,0,3
Pathology,15221,"Chronic Interstitial (Restrictive, Infiltrative) Lung Diseases",3,0,3
Pathology,15221,Clotting system,3,0,3
Pathology,15221,Coagulation,3,0,3
Pathology,15221,Endocrine Pancreas,3,0,3
Pathology,15221,Esophagus,3,0,3
Pathology,15221,General Immunity,3,0,3
Pathology,15221,Miscellaneous (Central Nervous System),3,0,3
Pathology,15221,Multiple Myeloma,3,0,3
Pathology,15221,Pulmonary Infections,3,0,3
Pathology,15221,Urinary Bladder,3,0,3
Pathology,15221,AIIMS 2020,2,0,2
Pathology,15221,Autosomal recessive conditions,2,0,2
Pathology,15221,Cardiac Tumors,2,0,2
Pathology,15221,Causes of Cell Injury,2,0,2
Pathology,15221,Cerebrovascular Diseases,2,0,2
Pathology,15221,Chronic and Cystic Diseases,2,0,2
Pathology,15221,Neurodegenerative Disorder,2,0,2
Pathology,15221,Pathologic Calcification,2,0,2
Pathology,15221,Peptic Ulcer Disease,2,0,2
Pathology,15221,Uterus,2,0,2
Pathology,15221,Cellular Aging,1,0,1
Pathology,15221,Complex Multigenic Disorders,1,0,1
Pathology,15221,Congenital Malformations and Perinatal Brain Injury,1,0,1
Pathology,15221,Diseases Affecting Tubules and Interstitium,1,0,1
Pathology,15221,Diseases Involving Blood Vessels,1,0,1
Pathology,15221,Pulmonary Diseases of Vascular Origin,1,0,1
Pathology,15221,Soft Tissue,1,0,1
Pathology,15221,Tumor Immunity,1,0,1
Anatomy,14794,(sin sub-specialty),5545,0,5545
Anatomy,14794,General anatomy,1691,0,1691
Anatomy,14794,G.I.T,676,0,676
Anatomy,14794,All India exam,484,0,484
Anatomy,14794,Head and neck,452,0,452
Anatomy,14794,Abdomen and pelvis,388,0,388
Anatomy,14794,Thorax,338,0,338
Anatomy,14794,Upper limb,292,0,292
Anatomy,14794,Other topics and Adverse effects,284,0,284
Anatomy,14794,Abdomen & Pelvis,230,0,230
Anatomy,14794,Upper Extremity,215,0,215
Anatomy,14794,Head & Neck,201,0,201
Anatomy,14794,Lower limb,191,0,191
Anatomy,14794,Brain ,163,0,163
Anatomy,14794,Respiratory system,126,0,126
Anatomy,14794,Neuroanatomy,118,0,118
Anatomy,14794,Lower Extremity,108,0,108
Anatomy,14794,Embryology,93,0,93
Anatomy,14794,Treatment in psychiatry,91,0,91
Anatomy,14794,Urology,91,0,91
Anatomy,14794,Haematology,89,0,89
Anatomy,14794,General obstetrics,86,0,86
Anatomy,14794,Endocrinology and breast,85,0,85
Anatomy,14794,Pharmacotherapy in psychiatry,69,0,69
Anatomy,14794,Misc.,66,0,66
Anatomy,14794,FMGE 2019,47,0,47
Anatomy,14794,Nerves of Upper Extremity,47,0,47
Anatomy,14794,Abnormal labor,45,0,45
Anatomy,14794,Cranial Nerves,45,0,45
Anatomy,14794,Development of GU system and Neuro-vascular supply of pelvis & perineum,41,0,41
Anatomy,14794,Cardiovascular system,40,0,40
Anatomy,14794,Pharyngeal Arches,39,0,39
Anatomy,14794,Poisoning,39,0,39
Anatomy,14794,Musculoskeletal system,37,0,37
Anatomy,14794,Skeletal infections,37,0,37
Anatomy,14794,Blood Vessels of Abdomen and Pelvis,36,0,36
Anatomy,14794,Integrated QBank,36,0,36
Anatomy,14794,Special topics,36,0,36
Anatomy,14794,Miscellaneous,35,0,35
Anatomy,14794,"Nerve supply, Nerve Lesions",33,0,33
Anatomy,14794,Fertilization and Development of Embryo,31,0,31
Anatomy,14794,Neuroanatomy 1,31,0,31
Anatomy,14794,Upper limb : Miscellaneous,31,0,31
Anatomy,14794,CVS Embryology,30,0,30
Anatomy,14794,Joints,30,0,30
Anatomy,14794,Back region,29,0,29
Anatomy,14794,Brainstem lesions and blood supply of CNS,29,0,29
Anatomy,14794,Cranial Cavity,28,0,28
Anatomy,14794,"Eye, Nose and Ear",28,0,28
Anatomy,14794,Upper limb bones and muscles (proximal region) & Scapular movements,28,0,28
Anatomy,14794,Systemic histology,27,0,27
Anatomy,14794,"Development period- week 1,2,3,4",26,0,26
Anatomy,14794,Neuroanatomy 3,26,0,26
Anatomy,14794,Bacteriology,25,0,25
Anatomy,14794,Muscles of Lower Limb,25,0,25
Anatomy,14794,Neck Triangles and parotid gland,25,0,25
Anatomy,14794,Stomach and aerial supply of abdomen,25,0,25
Anatomy,14794,Male Genital System,24,0,24
Anatomy,14794,Nervous system,24,0,24
Anatomy,14794,"Back, Deltoid, and Scapular Region",23,0,23
Anatomy,14794,Cranial cavity,23,0,23
Anatomy,14794,Orbit,23,0,23
Anatomy,14794,Cardio thoracic surgery  ,22,0,22
Anatomy,14794,General surgery,22,0,22
Anatomy,14794,Muscles of arm and forearm region & Cubital fossa,22,0,22
Anatomy,14794,Sleep disorders and eating disorders,22,0,22
Anatomy,14794,Introduction and gametogenesis.,21,0,21
Anatomy,14794,miscellaneous,21,0,21
Anatomy,14794,Nerve supply of Lower Limb,20,0,20
Anatomy,14794,"Neuroanatomy, Head and Neck",20,0,20
Anatomy,14794,Pericardium & Heart,20,0,20
Anatomy,14794,Surfaces and Grooves,20,0,20
Anatomy,14794,GIT 1,19,0,19
Anatomy,14794,"Mesentry, neurovascular bundle",19,0,19
Anatomy,14794,Umblicial cord and diaphragm,19,0,19
Anatomy,14794,"Brainstem, cerebellum and ventricles",18,0,18
Anatomy,14794,FMGE 2018,18,0,18
Anatomy,14794,General Embryology 2,18,0,18
Anatomy,14794,Nerves of Lower Extremity,18,0,18
Anatomy,14794,Nose,18,0,18
Anatomy,14794,Bones Joints and Ligaments,17,0,17
Anatomy,14794,"Bronchopulmonary Segments, Embryonic veins",17,0,17
Anatomy,14794,Ear,17,0,17
Anatomy,14794,Pelvis and Perineum 2,17,0,17
Anatomy,14794,"Pharynx, larynx and trachea and cranial nerves 3,4,6",17,0,17
Anatomy,14794,Substance abuse,17,0,17
Anatomy,14794,"Abdominal wall ,Inguinal and Femoral region",16,0,16
Anatomy,14794,Blood Vessels of Thorax,16,0,16
Anatomy,14794,General,16,0,16
Anatomy,14794,Hepatobiliary System,16,0,16
Anatomy,14794,Oral Cavity & Tongue,16,0,16
Anatomy,14794,Osteology,16,0,16
Anatomy,14794,Small and Large intestine,16,0,16
Anatomy,14794,Spinal injuries,16,0,16
Anatomy,14794,Urinary tract,16,0,16
Anatomy,14794,Abdomen: Miscellaneous,15,0,15
Anatomy,14794,Gram-Positive Infections - Corynebacterial Infections,15,0,15
Anatomy,14794,Histology,15,0,15
Anatomy,14794,AIIMS 2018,14,0,14
Anatomy,14794,Endocrinology,14,0,14
Anatomy,14794,Hand,14,0,14
Anatomy,14794,KUB & Adrenal Gland,14,0,14
Anatomy,14794,Liver,14,0,14
Anatomy,14794,Lower limb 1,14,0,14
Anatomy,14794,Pharynx,14,0,14
Anatomy,14794,Urogenital System,14,0,14
Anatomy,14794,Cerebrum,13,0,13
Anatomy,14794,Gluteal Region,13,0,13
Anatomy,14794,Joint disorders,13,0,13
Anatomy,14794,"Large Intestine, Rectum, and Anal canal",13,0,13
Anatomy,14794,Larynx,13,0,13
Anatomy,14794,Osteology of Head and Neck,13,0,13
Anatomy,14794,Peritoneum & GI Tract,13,0,13
Anatomy,14794,Triangles of Neck,12,0,12
Anatomy,14794,Abdominal Wall,11,0,11
Anatomy,14794,Front of Thigh,11,0,11
Anatomy,14794,JIPMER 2019,11,0,11
Anatomy,14794,NEET Jan 2020,11,0,11
Anatomy,14794,Pelvis and Perineum 3,11,0,11
Anatomy,14794,Thorax: Aerial supply,11,0,11
Anatomy,14794,FMGE 2017,10,0,10
Anatomy,14794,Foot,10,0,10
Anatomy,14794,"Pectoral Region, Axilla & Brachial Plexus",10,0,10
Anatomy,14794,Stomach,10,0,10
Anatomy,14794,Embryology and abdominal wall layer,9,0,9
Anatomy,14794,Glands & Connective tissue,9,0,9
Anatomy,14794,Nerves of Abdomen,9,0,9
Anatomy,14794,Sexual offences and infanticide,9,0,9
Anatomy,14794,"Thigh, Knee,Leg,Foot & Ankle injuries",9,0,9
Anatomy,14794,Thoracic Duct & Esophagus,9,0,9
Anatomy,14794,Thorax- wall and Bronchopulmonary segment,9,0,9
Anatomy,14794,AIIMS 2017,8,0,8
Anatomy,14794,Arm and Cubital Fossa,8,0,8
Anatomy,14794,Back and Thorax,8,0,8
Anatomy,14794,Cardiovascular System,8,0,8
Anatomy,14794,Digestive System,8,0,8
Anatomy,14794,Embryology and Histology,8,0,8
Anatomy,14794,Female Genital System,8,0,8
Anatomy,14794,General Embryology 1,8,0,8
Anatomy,14794,JIPMER 2018,8,0,8
Anatomy,14794,Lungs & Pleura,8,0,8
Anatomy,14794,Meninges & Blood Vessels of the Brain,8,0,8
Anatomy,14794,NEET 2018,8,0,8
Anatomy,14794,Nervous System,8,0,8
Anatomy,14794,"Abdomen, Pelvis and Perineum",7,0,7
Anatomy,14794,Digestive System (Histology),7,0,7
Anatomy,14794,Epithelial tissue,7,0,7
Anatomy,14794,"Female & male reproductive system, rectum and anal canal",7,0,7
Anatomy,14794,Lymphoid tissue & Integumentary system,7,0,7
Anatomy,14794,Male Sex Glands,7,0,7
Anatomy,14794,Metabolic and endocrine disorders,7,0,7
Anatomy,14794,Osteology of Thorax,7,0,7
Anatomy,14794,Pelvis,7,0,7
Anatomy,14794,Root of Neck,7,0,7
Anatomy,14794,Scalp Face & Temple,7,0,7
Anatomy,14794,Thyroid Gland,7,0,7
Anatomy,14794,Upper Limb and Lower Limb,7,0,7
Anatomy,14794,Bones and Joints,6,0,6
Anatomy,14794,Breast,6,0,6
Anatomy,14794,Cerebellum and Brainstem,6,0,6
Anatomy,14794,DNB 2018,6,0,6
Anatomy,14794,Osteology of Lower Extremity,6,0,6
Anatomy,14794,Special Sense Organs,6,0,6
Anatomy,14794,AIIMS 2019,5,0,5
Anatomy,14794,Body Cavities and Diaphragm,5,0,5
Anatomy,14794,Cartilage and Bone,5,0,5
Anatomy,14794,Development of nervous system and cerebrum,5,0,5
Anatomy,14794,Epithelium and Intraepithelial Glands,5,0,5
Anatomy,14794,Female Sex Glands,5,0,5
Anatomy,14794,JIPMER 2017,5,0,5
Anatomy,14794,Joints of Lower Extremity,5,0,5
Anatomy,14794,Small intestine and large intestine,5,0,5
Anatomy,14794,"Spinal cord, its lesions and ANS",5,0,5
Anatomy,14794,Temporomandibular Joint,5,0,5
Anatomy,14794,Cailage tissue & cell junctions,4,0,4
Anatomy,14794,Leg,4,0,4
Anatomy,14794,Nerve Lesions,4,0,4
Anatomy,14794,Nerves of Lower Limb,4,0,4
Anatomy,14794,Peripheral nerve injuries,4,0,4
Anatomy,14794,"Placenta, Fetal Membranes, Birth Defects, and Twinning",4,0,4
Anatomy,14794,Posterior Compartment of Thigh & Popliteal Fossa,4,0,4
Anatomy,14794,Respiratory System (Histology),4,0,4
Anatomy,14794,Salivary Glands,4,0,4
Anatomy,14794,Small Intestine,4,0,4
Anatomy,14794,Spleen,4,0,4
Anatomy,14794,Upper limb- bones and muscles(proximal) and scapular movement,4,0,4
Anatomy,14794,Avascular necrosis and osteochondroses,3,0,3
Anatomy,14794,"Blood supply, canals and triangle of lower limb",3,0,3
Anatomy,14794,Chromosomes & Cell Divisions,3,0,3
Anatomy,14794,Endocrine Glands,3,0,3
Anatomy,14794,Forearm,3,0,3
Anatomy,14794,Head and neck blood supply and scalp,3,0,3
Anatomy,14794,"Pancreas, spleen, ureter and kidney",3,0,3
Anatomy,14794,Pathways of the Nervous System,3,0,3
Anatomy,14794,"Pharyngeal arch and its derivatives, pharyngeal arch aeries",3,0,3
Anatomy,14794,Trachea,3,0,3
Anatomy,14794,Upper limb nerve supply and brachial plexus,3,0,3
Anatomy,14794,Aerial supply,2,0,2
Anatomy,14794,"Cailage,cell junction,lymphoid and integumentary system",2,0,2
Anatomy,14794,Embryology of Digestive System,2,0,2
Anatomy,14794,Joints of Upper Extremity,2,0,2
Anatomy,14794,Kidney,2,0,2
Anatomy,14794,Lymphatics of Abdomen and Pelvis,2,0,2
Anatomy,14794,Musculoskeletal System,2,0,2
Anatomy,14794,Neuroanatomy 2,2,0,2
Anatomy,14794,Osteology of Upper Extremity,2,0,2
Anatomy,14794,Reproductive System,2,0,2
Anatomy,14794,Spinal Cord,2,0,2
Anatomy,14794,Tumors,2,0,2
Anatomy,14794,Upper limb vascular supply,2,0,2
Anatomy,14794,Breast Region,1,0,1
Anatomy,14794,Connective Tissue,1,0,1
Anatomy,14794,General pathology,1,0,1
Anatomy,14794,Hand & Carpal and Metacarpal bones,1,0,1
Anatomy,14794,Important complications in orthopaedics,1,0,1
Anatomy,14794,NEET 2019,1,0,1
Anatomy,14794,Nervous Tissue,1,0,1
Anatomy,14794,Pancreas,1,0,1
Anatomy,14794,"Perfeilization, placenta and germ cell derivatives",1,0,1
Anatomy,14794,Peritoneal cavity and inguinal region,1,0,1
Anatomy,14794,Subcortical Structures,1,0,1
Anatomy,14794,Thorax: Blood supply,1,0,1
Anatomy,14794,"White matter,basal ganglia, limbic system and sensory tracts",1,0,1
Pharmacology,14001,(sin sub-specialty),7029,0,7029
Pharmacology,14001,All India exam,506,0,506
Pharmacology,14001,Chemotherapy,482,0,482
Pharmacology,14001,Endocrinology,392,0,392
Pharmacology,14001,Cardiovascular system,385,0,385
Pharmacology,14001,Central Nervous system,340,0,340
Pharmacology,14001,Autonomic nervous system,279,0,279
Pharmacology,14001,Anti Microbial,233,0,233
Pharmacology,14001,C.N.S,216,0,216
Pharmacology,14001,Hematology,195,0,195
Pharmacology,14001,Other topics and Adverse effects,186,0,186
Pharmacology,14001,C.V.S,169,0,169
Pharmacology,14001,A.N.S.,159,0,159
Pharmacology,14001,General Pharmacology,155,0,155
Pharmacology,14001,Anesthesia,142,0,142
Pharmacology,14001,General pharmacology,130,0,130
Pharmacology,14001,Pharmacokinetics,127,0,127
Pharmacology,14001,Autacoids,119,0,119
Pharmacology,14001,Miscellaneous (Pharmacology),105,0,105
Pharmacology,14001,Kidney,99,0,99
Pharmacology,14001,Anaesthesia,97,0,97
Pharmacology,14001,Adverse Drug Effect,94,0,94
Pharmacology,14001,Anti-Neoplastic Agents,78,0,78
Pharmacology,14001,Respiratory system,74,0,74
Pharmacology,14001,Chemotherapy: General Principles,73,0,73
Pharmacology,14001,Gastrointestinal tract,67,0,67
Pharmacology,14001,Asthma,64,0,64
Pharmacology,14001,Immunomodulators,60,0,60
Pharmacology,14001,Immunomodulator,58,0,58
Pharmacology,14001,"Hypeension, Arrhythmias, Dyslipidemia",56,0,56
Pharmacology,14001,Pharmacodynamics,56,0,56
Pharmacology,14001,Anti-Cancer,49,0,49
Pharmacology,14001,Antibiotics,48,0,48
Pharmacology,14001,Diuretic,46,0,46
Pharmacology,14001,G.I.T,46,0,46
Pharmacology,14001,D.O.C,43,0,43
Pharmacology,14001,"NSAIDs, Gout and Rheumatoid Ahritis",43,0,43
Pharmacology,14001,Anticoagulants and Coagulants,41,0,41
Pharmacology,14001,"CHF, Angina Pectoris and Myocardial Infarction",41,0,41
Pharmacology,14001,Cytotoxic Anticancer Drugs,41,0,41
Pharmacology,14001,Epilepsy,41,0,41
Pharmacology,14001,"Histamine, 5-HT and PGs",40,0,40
Pharmacology,14001,Sympathetic System,38,0,38
Pharmacology,14001,Cell Wall Synthesis Inhibitors,36,0,36
Pharmacology,14001,Psychiatric Illness,35,0,35
Pharmacology,14001,Hypolipidemic,33,0,33
Pharmacology,14001,AIIMS 2018,32,0,32
Pharmacology,14001,Gastro-Intestinal Tract,32,0,32
Pharmacology,14001,"Osteoporosis, Sex Hormones and OCPs",32,0,32
Pharmacology,14001,"Mycobacterial Diseases (TB, Leprosy and MAC)",31,0,31
Pharmacology,14001,FMGE 2019,30,0,30
Pharmacology,14001,Adrenergic System,29,0,29
Pharmacology,14001,Protein Synthesis Inhibitors,28,0,28
Pharmacology,14001,Targeted Anticancer Drugs and Immunosuppressants,28,0,28
Pharmacology,14001,Parasympathetic System & Glaucoma,27,0,27
Pharmacology,14001,Pancreas,25,0,25
Pharmacology,14001,Anti-Viral,24,0,24
Pharmacology,14001,Antiplatelets and Fibrinolytics,24,0,24
Pharmacology,14001,Sedative-Hypnotics and Parkinsonism,24,0,24
Pharmacology,14001,Miscellaneous,23,0,23
Pharmacology,14001,Anti Adrenergic System,21,0,21
Pharmacology,14001,Anti-Parasitic Drugs,21,0,21
Pharmacology,14001,Prostaglandins,21,0,21
Pharmacology,14001,Anti Histaminics,20,0,20
Pharmacology,14001,Anti-Hypertensive,20,0,20
Pharmacology,14001,NEET Jan 2020,20,0,20
Pharmacology,14001,Anti-HIV Drugs,19,0,19
Pharmacology,14001,JIPMER 2017,19,0,19
Pharmacology,14001,Opioids,18,0,18
Pharmacology,14001,Opioids and Alcohols,18,0,18
Pharmacology,14001,Anti-Viral Drugs,17,0,17
Pharmacology,14001,ANS,16,0,16
Pharmacology,14001,Clinical Trials,16,0,16
Pharmacology,14001,DNB 2018,16,0,16
Pharmacology,14001,Hematology and CVS,16,0,16
Pharmacology,14001,NEET 2019,16,0,16
Pharmacology,14001,Pituitary-Hypothalmic System and Thyroid,16,0,16
Pharmacology,14001,Respiratory System,16,0,16
Pharmacology,14001,Antimetabolites and Quinolones,15,0,15
Pharmacology,14001,ACE Inhibitors,14,0,14
Pharmacology,14001,Adrenal,14,0,14
Pharmacology,14001,Anti-Malaria Drugs,14,0,14
Pharmacology,14001,Antimicrobial Drugs,14,0,14
Pharmacology,14001,FMGE 2017,14,0,14
Pharmacology,14001,AIIMS 2019,13,0,13
Pharmacology,14001,Anti Diabetes,13,0,13
Pharmacology,14001,Cholinergic System,13,0,13
Pharmacology,14001,Diuretics and Antidiuretics,13,0,13
Pharmacology,14001,Endocrine,13,0,13
Pharmacology,14001,Sex-Hormone,13,0,13
Pharmacology,14001,AIIMS 2017,12,0,12
Pharmacology,14001,Anti-Emetic,12,0,12
Pharmacology,14001,Pregnancy,12,0,12
Pharmacology,14001,Anti Thyroid,11,0,11
Pharmacology,14001,Anti-Fungal Drugs,11,0,11
Pharmacology,14001,CNS,11,0,11
Pharmacology,14001,"Immunomodulatory: DMARDS, Monoclonal Antibodies",11,0,11
Pharmacology,14001,Penicillin & Cephalosporin,11,0,11
Pharmacology,14001,Anti-Ulcer,10,0,10
Pharmacology,14001,FMGE 2018,10,0,10
Pharmacology,14001,JIPMER 2019,10,0,10
Pharmacology,14001,Skin,9,0,9
Pharmacology,14001,Vitamin,9,0,9
Pharmacology,14001,Anti Cholinergic,8,0,8
Pharmacology,14001,Anti-Anginal,8,0,8
Pharmacology,14001,Hematinics,8,0,8
Pharmacology,14001,Anti-Arrhythmic,7,0,7
Pharmacology,14001,Anti-Parkinsonism,7,0,7
Pharmacology,14001,Anti-Tuberculosis,7,0,7
Pharmacology,14001,"CLINICAL TRIALS, DRUG LABEL",7,0,7
Pharmacology,14001,NEET 2018,7,0,7
Pharmacology,14001,Seedatives & Hyponotics,6,0,6
Pharmacology,14001,Anti-Psychotic,5,0,5
Pharmacology,14001,Chelating Agent,5,0,5
Pharmacology,14001,Digitalis,5,0,5
Pharmacology,14001,Alcohol,4,0,4
Pharmacology,14001,Anti Depressant,4,0,4
Pharmacology,14001,Anti-Fungal,4,0,4
Pharmacology,14001,Anti-Leprotic,4,0,4
Pharmacology,14001,Bromocriptine,4,0,4
Pharmacology,14001,Drugs for Peptic Ulcer,4,0,4
Pharmacology,14001,General anatomy,4,0,4
Pharmacology,14001,JIPMER 2018,4,0,4
Pharmacology,14001,Anti-Helminths,3,0,3
Pharmacology,14001,General Property,3,0,3
Pharmacology,14001,Anti-Malarial,2,0,2
Pharmacology,14001,Gram-Positive Infections - Corynebacterial Infections,2,0,2
Pharmacology,14001,"Kidney, Respiratory, GIT and Autacoids",2,0,2
Pharmacology,14001,Quinolones,2,0,2
Pharmacology,14001,RAAS and Heart Failure Drugs,2,0,2
Pharmacology,14001,Sulfonamide,2,0,2
Pharmacology,14001,Aminoglycosides,1,0,1
Pharmacology,14001,Anxiolytic,1,0,1
Pharmacology,14001,Chloramphenicol,1,0,1
Pharmacology,14001,Emergency Clinical Scenario,1,0,1
Pharmacology,14001,Hypolipidemic Drugs,1,0,1
Pharmacology,14001,Lithium,1,0,1
Pharmacology,14001,Steroid,1,0,1
Pharmacology,14001,Tetracycline,1,0,1
Social & Preventive Medicine,12011,(sin sub-specialty),5977,0,5977
Social & Preventive Medicine,12011,Communicable diseases,645,0,645
Social & Preventive Medicine,12011,Epidemiology,608,0,608
Social & Preventive Medicine,12011,Environment and health,349,0,349
Social & Preventive Medicine,12011,Nutrition and health,311,0,311
Social & Preventive Medicine,12011,Biostatistics,268,0,268
Social & Preventive Medicine,12011,Concept of health and disease,202,0,202
Social & Preventive Medicine,12011,Communicable Diseases,196,0,196
Social & Preventive Medicine,12011,Non communicable diseases,182,0,182
Social & Preventive Medicine,12011,Demography and family planning,136,0,136
Social & Preventive Medicine,12011,"obstetrics,pediatrics and geriatrics",135,0,135
Social & Preventive Medicine,12011,Health education & planning,122,0,122
Social & Preventive Medicine,12011,Miscellaneous,115,0,115
Social & Preventive Medicine,12011,Health care of community & international health,114,0,114
Social & Preventive Medicine,12011,"Hospital waste and disaster management, Occupational health",113,0,113
Social & Preventive Medicine,12011,Nutrition and Health,108,0,108
Social & Preventive Medicine,12011,Environment and Health,103,0,103
Social & Preventive Medicine,12011,Screening,92,0,92
Social & Preventive Medicine,12011,"Social science, Mental health & Genetics",88,0,88
Social & Preventive Medicine,12011,Health programmes in India,82,0,82
Social & Preventive Medicine,12011,Health Programmes in India,77,0,77
Social & Preventive Medicine,12011,Concept of Health and Disease,73,0,73
Social & Preventive Medicine,12011,All India exam,70,0,70
Social & Preventive Medicine,12011,Screening for Disease,43,0,43
Social & Preventive Medicine,12011,Water,42,0,42
Social & Preventive Medicine,12011,"VBDs, Arboviral & Viral Infections, Surface Infections",41,0,41
Social & Preventive Medicine,12011,Maternal and child care,40,0,40
Social & Preventive Medicine,12011,Occupational Health,40,0,40
Social & Preventive Medicine,12011,Infectious Disease Epidemiology,37,0,37
Social & Preventive Medicine,12011,"Natural Methods, Barrier Methods, IUDs, OCPs",36,0,36
Social & Preventive Medicine,12011,Demography,35,0,35
Social & Preventive Medicine,12011,Demography and Family Planning,32,0,32
Social & Preventive Medicine,12011,Epidemiological Study,31,0,31
Social & Preventive Medicine,12011,Non-Communicable Diseases,31,0,31
Social & Preventive Medicine,12011,Mental Health,30,0,30
Social & Preventive Medicine,12011,Measures of Central Tendency and Distribution,29,0,29
Social & Preventive Medicine,12011,Analytical Epidemiology,28,0,28
Social & Preventive Medicine,12011,Health Planning and Management,28,0,28
Social & Preventive Medicine,12011,"Hospital waste, disaster management and occupational health",26,0,26
Social & Preventive Medicine,12011,NEET Jan 2020,26,0,26
Social & Preventive Medicine,12011,"Rural & Urban Health Centres, Workers, Norms",25,0,25
Social & Preventive Medicine,12011,Statistical Tests,24,0,24
Social & Preventive Medicine,12011,Principles of Immunization and Vaccination,22,0,22
Social & Preventive Medicine,12011,Biostats,21,0,21
Social & Preventive Medicine,12011,Concept of Control,21,0,21
Social & Preventive Medicine,12011,Pediatrics,21,0,21
Social & Preventive Medicine,12011,Indicators of Health,20,0,20
Social & Preventive Medicine,12011,"NCDs: CHD, HTN, DM, RF, Cancers, Obesity, Blindness",20,0,20
Social & Preventive Medicine,12011,Other Key Definitions & Concepts,20,0,20
Social & Preventive Medicine,12011,"Air, Light, Sound, Housing, Radiation, Waste Disposal",19,0,19
Social & Preventive Medicine,12011,Definition & Concepts,19,0,19
Social & Preventive Medicine,12011,FMGE 2019,19,0,19
Social & Preventive Medicine,12011,Family Planning,19,0,19
Social & Preventive Medicine,12011,"Proteins, Fats, Rich Sources",19,0,19
Social & Preventive Medicine,12011,"Social Science, Mental Health & Genetics",19,0,19
Social & Preventive Medicine,12011,Allied Health Sciences,18,0,18
Social & Preventive Medicine,12011,Community Healthcare,18,0,18
Social & Preventive Medicine,12011,Levels of Prevention of Disease,18,0,18
Social & Preventive Medicine,12011,"Obstetric Care in RCH: Visits, IFA, TT, MCH Indicators",18,0,18
Social & Preventive Medicine,12011,Other NHPs,18,0,18
Social & Preventive Medicine,12011,Vitamins and Nutritional Deficiencies,18,0,18
Social & Preventive Medicine,12011,"Disease Causation, Measurements, Milestones",17,0,17
Social & Preventive Medicine,12011,Environment,16,0,16
Social & Preventive Medicine,12011,General,16,0,16
Social & Preventive Medicine,12011,Healthcare of the Community & International Health,16,0,16
Social & Preventive Medicine,12011,Biomedical Waste Management,15,0,15
Social & Preventive Medicine,12011,Data Variables,15,0,15
Social & Preventive Medicine,12011,Proteins,15,0,15
Social & Preventive Medicine,12011,RNTCP,15,0,15
Social & Preventive Medicine,12011,"Classification, Coho Study",14,0,14
Social & Preventive Medicine,12011,"Impoant facts in Immunization, Newer Vaccines",14,0,14
Social & Preventive Medicine,12011,"Intestinal Infections, Worm Infestations",14,0,14
Social & Preventive Medicine,12011,Other FP Methods and New Initiatives in Family Planning,14,0,14
Social & Preventive Medicine,12011,"Paediatric Care in RCH: BW, BL, PEM, Breast Feeding",14,0,14
Social & Preventive Medicine,12011,Respiratory Infections,14,0,14
Social & Preventive Medicine,12011,Vitamins,14,0,14
Social & Preventive Medicine,12011,AIIMS 2019,13,0,13
Social & Preventive Medicine,12011,"NPCBVI, NACP",13,0,13
Social & Preventive Medicine,12011,National Immunization Schedule 2020-21,13,0,13
Social & Preventive Medicine,12011,"Contraindications, AEFIs",12,0,12
Social & Preventive Medicine,12011,Definition and Concepts in Sociology & Psychology,12,0,12
Social & Preventive Medicine,12011,Measles,12,0,12
Social & Preventive Medicine,12011,"NVBDCP, NLEP",12,0,12
Social & Preventive Medicine,12011,"Obstetrics, Paediatrics and Geriatrics",12,0,12
Social & Preventive Medicine,12011,"Census, SRS, NFHS, DLHS, VRS",11,0,11
Social & Preventive Medicine,12011,Concept of disease causation,11,0,11
Social & Preventive Medicine,12011,FMGE 2018,11,0,11
Social & Preventive Medicine,12011,International health agencies,11,0,11
Social & Preventive Medicine,12011,"NPEP, NHM",11,0,11
Social & Preventive Medicine,12011,Obstetrics,11,0,11
Social & Preventive Medicine,12011,"RCT, Trials",11,0,11
Social & Preventive Medicine,12011,"Statistical Errors, p-value",11,0,11
Social & Preventive Medicine,12011,"Central tendency, Dispersion",10,0,10
Social & Preventive Medicine,12011,"Concepts of Immunity, Classification of Vaccines",10,0,10
Social & Preventive Medicine,12011,DNB 2018,10,0,10
Social & Preventive Medicine,12011,"Definition and Concepts, Examples from NHPs",10,0,10
Social & Preventive Medicine,12011,"Leprosy, HIV & STDs",10,0,10
Social & Preventive Medicine,12011,Medical Entomology,10,0,10
Social & Preventive Medicine,12011,"PH Care, Elements & Principles",10,0,10
Social & Preventive Medicine,12011,"RDA, Nutritional Requirements",10,0,10
Social & Preventive Medicine,12011,Entomology,9,0,9
Social & Preventive Medicine,12011,Health Education & Health Planning,9,0,9
Social & Preventive Medicine,12011,"Normal Distribution, Skewed Distributions",9,0,9
Social & Preventive Medicine,12011,Rickettsial Diseases,9,0,9
Social & Preventive Medicine,12011,"Sensitivity, Specificity, PPV, NPV",9,0,9
Social & Preventive Medicine,12011,Social Science,9,0,9
Social & Preventive Medicine,12011,Cold Chain in India,8,0,8
Social & Preventive Medicine,12011,Definitions & Concepts,8,0,8
Social & Preventive Medicine,12011,Growth and Development,8,0,8
Social & Preventive Medicine,12011,Health Education & Communication,8,0,8
Social & Preventive Medicine,12011,Measurement of Mortality and Morbidity,8,0,8
Social & Preventive Medicine,12011,Tuberculosis,8,0,8
Social & Preventive Medicine,12011,Family Systems in India,7,0,7
Social & Preventive Medicine,12011,General Epidemiology,7,0,7
Social & Preventive Medicine,12011,"HC Methods, D-P Communication",7,0,7
Social & Preventive Medicine,12011,HP Committees,7,0,7
Social & Preventive Medicine,12011,Health Schemes,7,0,7
Social & Preventive Medicine,12011,Influenza,7,0,7
Social & Preventive Medicine,12011,JIPMER 2019,7,0,7
Social & Preventive Medicine,12011,Malaria,7,0,7
Social & Preventive Medicine,12011,"PQLI, HDI, MDPI, BPL",7,0,7
Social & Preventive Medicine,12011,"Preventive Medicine in Obstetrics, Paediatrics & Geriatrics",7,0,7
Social & Preventive Medicine,12011,Sampling,7,0,7
Social & Preventive Medicine,12011,"Statistical Graphs, Correlation, Locations",7,0,7
Social & Preventive Medicine,12011,Vaccines,7,0,7
Social & Preventive Medicine,12011,"Variables, Scales",7,0,7
Social & Preventive Medicine,12011,Cholera,6,0,6
Social & Preventive Medicine,12011,Communicable & Non Communicable Disease,6,0,6
Social & Preventive Medicine,12011,Confounding and Bias,6,0,6
Social & Preventive Medicine,12011,Definitions and Concepts in HP,6,0,6
Social & Preventive Medicine,12011,"Elimination, Eradication, Surveillance",6,0,6
Social & Preventive Medicine,12011,JIPMER 2018,6,0,6
Social & Preventive Medicine,12011,NEET 2019,6,0,6
Social & Preventive Medicine,12011,"Time Distribution, Epidemics",6,0,6
Social & Preventive Medicine,12011,Chicken Pox,5,0,5
Social & Preventive Medicine,12011,Experimental Epidemiology,5,0,5
Social & Preventive Medicine,12011,JIPMER 2017,5,0,5
Social & Preventive Medicine,12011,NEET 2018,5,0,5
Social & Preventive Medicine,12011,Poliomyelitis,5,0,5
Social & Preventive Medicine,12011,Principles of Epidemiology,5,0,5
Social & Preventive Medicine,12011,"School Health, Geriatrics",5,0,5
Social & Preventive Medicine,12011,"Case Control Study, Combined Designs",4,0,4
Social & Preventive Medicine,12011,Other Analytical Studies,4,0,4
Social & Preventive Medicine,12011,Whooping Cough (Pertussis),4,0,4
Social & Preventive Medicine,12011,Arboviral Diseases,3,0,3
Social & Preventive Medicine,12011,Concept of Health & Disease,3,0,3
Social & Preventive Medicine,12011,Concept of well-being,3,0,3
Social & Preventive Medicine,12011,Disaster Management,3,0,3
Social & Preventive Medicine,12011,Errors and P-Value,3,0,3
Social & Preventive Medicine,12011,Genetics and Health,3,0,3
Social & Preventive Medicine,12011,KFP,3,0,3
Social & Preventive Medicine,12011,Occupational health,3,0,3
Social & Preventive Medicine,12011,Precision & Accuracy,3,0,3
Social & Preventive Medicine,12011,Rabies,3,0,3
Social & Preventive Medicine,12011,Sterilization and Disinfection,3,0,3
Social & Preventive Medicine,12011,Tetanus,3,0,3
Social & Preventive Medicine,12011,AIDs,2,0,2
Social & Preventive Medicine,12011,AIIMS 2017,2,0,2
Social & Preventive Medicine,12011,Descriptive Epidemiology,2,0,2
Social & Preventive Medicine,12011,Egg,2,0,2
Social & Preventive Medicine,12011,Insecticides,2,0,2
Social & Preventive Medicine,12011,International Health,2,0,2
Social & Preventive Medicine,12011,Japanese Encephalitis,2,0,2
Social & Preventive Medicine,12011,Leprosy,2,0,2
Social & Preventive Medicine,12011,Plague,2,0,2
Social & Preventive Medicine,12011,Air,1,0,1
Social & Preventive Medicine,12011,Diphtheria,1,0,1
Social & Preventive Medicine,12011,FMGE 2017,1,0,1
Social & Preventive Medicine,12011,Filariasis,1,0,1
Social & Preventive Medicine,12011,Food Poisoning,1,0,1
Social & Preventive Medicine,12011,Gram-Positive Infections - Corynebacterial Infections,1,0,1
Social & Preventive Medicine,12011,Hospital Waste,1,0,1
Social & Preventive Medicine,12011,Kala Azar,1,0,1
Social & Preventive Medicine,12011,Leptospirosis,1,0,1
Social & Preventive Medicine,12011,Light,1,0,1
Social & Preventive Medicine,12011,Meningococcal Meningitis,1,0,1
Social & Preventive Medicine,12011,Milk,1,0,1
Social & Preventive Medicine,12011,Nutrition,1,0,1
Social & Preventive Medicine,12011,Radiation,1,0,1
Social & Preventive Medicine,12011,Typhoid Fever,1,0,1
Microbiology,11436,(sin sub-specialty),5745,0,5745
Microbiology,11436,Virology,828,0,828
Microbiology,11436,Immunology,609,0,609
Microbiology,11436,Bacteriology,550,0,550
Microbiology,11436,Bacteria,536,0,536
Microbiology,11436,All India exam,370,0,370
Microbiology,11436,parasitology,324,0,324
Microbiology,11436,general microbiology,297,0,297
Microbiology,11436,Mycology,199,0,199
Microbiology,11436,Parasitology,190,0,190
Microbiology,11436,mycology,185,0,185
Microbiology,11436,General,170,0,170
Microbiology,11436,"Systemic Bacteriology (Gram Positive Bacilli, Gram Negative Bacilli)",146,0,146
Microbiology,11436,Misc.,115,0,115
Microbiology,11436,Parasitology Pa 1 (Protozoology),65,0,65
Microbiology,11436,"General Microbiology Pa 1 (History, Microscopy, Stains and Structure and Physiology of Bacteria)",59,0,59
Microbiology,11436,"Systemic Bacteriology (Haemophilus, Yersinia, Spirochaetes, Ricketssia, Chlamydia, Mycoplasma and Miscellaneous Bacteria)",58,0,58
Microbiology,11436,"Systemic Bacteriology Pa 1 (Gram Positive Cocci, Gram Negative Cocci)",46,0,46
Microbiology,11436,"Immunology Pa 1 (Immune Response, Antigen-Antibody Reactions, Hypersensitivity, Structure of Immune System, Immunodeficiency Disorders)",45,0,45
Microbiology,11436,Enterobecteriaceae,43,0,43
Microbiology,11436,Human Immunodeficiency Virus,41,0,41
Microbiology,11436,"Virology Pa-2 (RNA Virus Pa-1,2 & Miscellaneous Viruses)",41,0,41
Microbiology,11436,miscellaneous,41,0,41
Microbiology,11436,Staphylococci,36,0,36
Microbiology,11436,Parasitology Pa 2 (Helminthology),34,0,34
Microbiology,11436,Clostridium,27,0,27
Microbiology,11436,"Virology (General Propeies, DNA Viruses)",25,0,25
Microbiology,11436,FMGE 2019,24,0,24
Microbiology,11436,Streptococci,24,0,24
Microbiology,11436,General Microbiology Pa-2 and Pa-3 (Sterilization and Bacterial Genetics),22,0,22
Microbiology,11436,Culture media and method,20,0,20
Microbiology,11436,Spirochetes,19,0,19
Microbiology,11436,Arboviruses,18,0,18
Microbiology,11436,Vibrio,18,0,18
Microbiology,11436,"Virology (RNA Virus Pa-1,2 & Miscellaneous Viruses)",18,0,18
Microbiology,11436,Helminthology,17,0,17
Microbiology,11436,AIIMS 2019,16,0,16
Microbiology,11436,Anitibody,16,0,16
Microbiology,11436,Hepatitis Viruses,16,0,16
Microbiology,11436,Herpesviruses,16,0,16
Microbiology,11436,"Immunology Pa 2 ( Hybridoma Technology, Complement Pathways, Interferon, Structure and Functions of Immune Cells )",16,0,16
Microbiology,11436,General Microbiology (Sterilization and Bacterial Genetics),15,0,15
Microbiology,11436,Lab Investigations,14,0,14
Microbiology,11436,Myxo Viruses,14,0,14
Microbiology,11436,JIPMER 2019,13,0,13
Microbiology,11436,Sterilization and Disinfection,13,0,13
Microbiology,11436,Immunity,12,0,12
Microbiology,11436,Mycobacteria,12,0,12
Microbiology,11436,Corynebacterium,11,0,11
Microbiology,11436,NEET Jan 2020,11,0,11
Microbiology,11436,Bacillus,10,0,10
Microbiology,11436,JIPMER 2018,10,0,10
Microbiology,11436,Properties of Virus,10,0,10
Microbiology,11436,Protozoa,10,0,10
Microbiology,11436,AIIMS 2017,9,0,9
Microbiology,11436,JIPMER 2017,9,0,9
Microbiology,11436,FMGE 2018,8,0,8
Microbiology,11436,NEET 2019,8,0,8
Microbiology,11436,Rickettsiaceae,8,0,8
Microbiology,11436,AIIMS 2018,7,0,7
Microbiology,11436,Neisseria,7,0,7
Microbiology,11436,Antigen-antibody reaction,6,0,6
Microbiology,11436,Pseudomonas,6,0,6
Microbiology,11436,Bacterial Genetics,5,0,5
Microbiology,11436,Chlamypiae,5,0,5
Microbiology,11436,DNB 2018,5,0,5
Microbiology,11436,"Immunology Pa 3 (Graft, Autoimmunity, Immunodeficiency Disorders)",5,0,5
Microbiology,11436,Legionella,5,0,5
Microbiology,11436,Morphology and Physiology of Bacteria,5,0,5
Microbiology,11436,Mycoplasma,5,0,5
Microbiology,11436,Poxviruses,5,0,5
Microbiology,11436,"Systemic Bacteriology (Gram Positive Cocci, Gram Negative Cocci)",5,0,5
Microbiology,11436,Brucella,4,0,4
Microbiology,11436,FMGE 2017,4,0,4
Microbiology,11436,Haemophilus,4,0,4
Microbiology,11436,Human Papillomavirus,4,0,4
Microbiology,11436,Listeria Monocytogenes,4,0,4
Microbiology,11436,Actinomycetes,3,0,3
Microbiology,11436,Bacterial Treatment,3,0,3
Microbiology,11436,Candida,3,0,3
Microbiology,11436,Complement System,3,0,3
Microbiology,11436,Cryptocococcus,3,0,3
Microbiology,11436,Dermatophytes,3,0,3
Microbiology,11436,Immunodeficiency,3,0,3
Microbiology,11436,Miscellaneous,3,0,3
Microbiology,11436,Oncogenic Virus,3,0,3
Microbiology,11436,Pneumococci,3,0,3
Microbiology,11436,Properties of fungus,3,0,3
Microbiology,11436,Aspergillus,2,0,2
Microbiology,11436,Bacteriophage,2,0,2
Microbiology,11436,Bordetella,2,0,2
Microbiology,11436,Compylobactor,2,0,2
Microbiology,11436,Gram-Positive Infections - Corynebacterial Infections,2,0,2
Microbiology,11436,Nonsporing Anaerobes,2,0,2
Microbiology,11436,Polio VIrus,2,0,2
Microbiology,11436,Rhabdovirus,2,0,2
Microbiology,11436,Sporotrichosis,2,0,2
Microbiology,11436,Adenoviruses,1,0,1
Microbiology,11436,Arthropod born diseases,1,0,1
Microbiology,11436,Chromoblastomycosis,1,0,1
Microbiology,11436,Hypersensitivity,1,0,1
Microbiology,11436,Melioidosis,1,0,1
Microbiology,11436,NEET 2018,1,0,1
Microbiology,11436,Parvovirus,1,0,1
Microbiology,11436,Picorna Viruses,1,0,1
Microbiology,11436,"Preventive Medicine in Obstetrics, Paediatrics & Geriatrics",1,0,1
Microbiology,11436,Rotavirus,1,0,1
Microbiology,11436,Rubella,1,0,1
Microbiology,11436,Yersinia,1,0,1
Dental,10256,(sin sub-specialty),9202,0,9202
Dental,10256,Bacterial infections,82,0,82
Dental,10256,All India exam,80,0,80
Dental,10256,Anatomy of skin,79,0,79
Dental,10256,"Fungal infections, Scabies, Pediculosis",75,0,75
Dental,10256,Autoimmune skin disorders,61,0,61
Dental,10256,Papulosquamous disorders,54,0,54
Dental,10256,Sexually transmitted diseases,41,0,41
Dental,10256,miscellaneous,39,0,39
Dental,10256,Vestibulobullous disorders,38,0,38
Dental,10256,Dermatitis,35,0,35
Dental,10256,Mycobacterial Infections,33,0,33
Dental,10256,Skin lesions and disorders of pigmentation,33,0,33
Dental,10256,Blistering disorders,31,0,31
Dental,10256,Eczema and related disorders,30,0,30
Dental,10256,Viral infections,30,0,30
Dental,10256,Fungal infections,29,0,29
Dental,10256,Psoriasis,29,0,29
Dental,10256,Sexually Transmitted Infections,28,0,28
Dental,10256,Tumours of skin,21,0,21
Dental,10256,Scabies and other infestations,16,0,16
Dental,10256,Skin tumors,16,0,16
Dental,10256,Lichen planus and Other papulosquamous disorders,15,0,15
Dental,10256,Cells of epidermis,13,0,13
Dental,10256,Hyper Pigmented Disorders,13,0,13
Dental,10256,"Nutrition and Metabolic disorders,Systemic conditions ,Genodermatoses, Connective tissue disorders,Photodermatoses",13,0,13
Dental,10256,Histopathological findings,11,0,11
Dental,10256,"Layers of epidermis, dermis",11,0,11
Dental,10256,Disorders of sebaceous and sweat glands,10,0,10
Dental,10256,Hypo Pigmentary Disorders,10,0,10
Dental,10256,Acne and chemical peeling,9,0,9
Dental,10256,Disorders of hair,9,0,9
Dental,10256,NEET Jan 2020,9,0,9
Dental,10256,Naevi and vessel related disorders,9,0,9
Dental,10256,Photosensitive disorders,7,0,7
Dental,10256,Disorders of nail,6,0,6
Dental,10256,Skin lesions,6,0,6
Dental,10256,JIPMER 2018,5,0,5
Dental,10256,Pediatric dermatology,5,0,5
Dental,10256,AIIMS 2018,2,0,2
Dental,10256,AIIMS 2019,2,0,2
Dental,10256,FMGE 2018,2,0,2
Dental,10256,JIPMER 2019,2,0,2
Dental,10256,AIIMS 2017,1,0,1
Dental,10256,Dermatology Q Bank,1,0,1
Dental,10256,FMGE 2019,1,0,1
Dental,10256,NEET 2018,1,0,1
Dental,10256,NEET 2019,1,0,1
Gynaecology & Obstetrics,10237,(sin sub-specialty),5339,0,5339
Gynaecology & Obstetrics,10237,General obstetrics,398,0,398
Gynaecology & Obstetrics,10237,Miscellaneous (Gynae),330,0,330
Gynaecology & Obstetrics,10237,All India exam,186,0,186
Gynaecology & Obstetrics,10237,"Medical, surgical and gynaecological illness complicating pregnancy",163,0,163
Gynaecology & Obstetrics,10237,Gynaecological oncology,143,0,143
Gynaecology & Obstetrics,10237,Miscellaneous (Obs),107,0,107
Gynaecology & Obstetrics,10237,Obstetrics,104,0,104
Gynaecology & Obstetrics,10237,Contraceptives,97,0,97
Gynaecology & Obstetrics,10237,Medical & Surgical Illness Complication Pregnancy,90,0,90
Gynaecology & Obstetrics,10237,Contraception,86,0,86
Gynaecology & Obstetrics,10237,Abnormal labor,85,0,85
Gynaecology & Obstetrics,10237,Disorders of menstruation,69,0,69
Gynaecology & Obstetrics,10237,Medical Illness Complicating Pregnancy,64,0,64
Gynaecology & Obstetrics,10237,"Normal Menstruation, Abnormal Menstruation, Menopausal Physiology and forsight of conception",63,0,63
Gynaecology & Obstetrics,10237,Diagnosis in Obstetrics,57,0,57
Gynaecology & Obstetrics,10237,Physiology & Histology,57,0,57
Gynaecology & Obstetrics,10237,Fetal Skull and Maternal Pelvis,54,0,54
Gynaecology & Obstetrics,10237,Sexuality and intersexuality,51,0,51
Gynaecology & Obstetrics,10237,Diagnosis of Pregnancy,49,0,49
Gynaecology & Obstetrics,10237,Disorders in Menstruation,49,0,49
Gynaecology & Obstetrics,10237,Diagnosis in obstetrics,47,0,47
Gynaecology & Obstetrics,10237,Infections of the genital tract,46,0,46
Gynaecology & Obstetrics,10237,Gynaecological Disorders in Obs.,43,0,43
Gynaecology & Obstetrics,10237,Reproductive physiology and hormones in females,43,0,43
Gynaecology & Obstetrics,10237,Normal Labour,41,0,41
Gynaecology & Obstetrics,10237,Genital Tract Infections (Too hot to handle!),40,0,40
Gynaecology & Obstetrics,10237,"Labour - normal, abnormal, malposition, malpresentation and their management",40,0,40
Gynaecology & Obstetrics,10237,Anatomy of the female genital tract,38,0,38
Gynaecology & Obstetrics,10237,Infeility (Eggs'plantation!),37,0,37
Gynaecology & Obstetrics,10237,FMGE 2019,36,0,36
Gynaecology & Obstetrics,10237,Ecotopic Pregnancy,35,0,35
Gynaecology & Obstetrics,10237,Congenital malformations,34,0,34
Gynaecology & Obstetrics,10237,Operative Obs,34,0,34
Gynaecology & Obstetrics,10237,Infertility,33,0,33
Gynaecology & Obstetrics,10237,"Intra Uterine Growth Restriction, Intrapaum and Antepaum Fetal Surviellance",33,0,33
Gynaecology & Obstetrics,10237,Pathology of Conception,33,0,33
Gynaecology & Obstetrics,10237,Cervical Carcinoma,31,0,31
Gynaecology & Obstetrics,10237,Sexually Transmitted Disease in the Female,31,0,31
Gynaecology & Obstetrics,10237,Abortion,30,0,30
Gynaecology & Obstetrics,10237,Antepartum Haemorrhage,30,0,30
Gynaecology & Obstetrics,10237,Endometriosis and Infertility,28,0,28
Gynaecology & Obstetrics,10237,Carcinoma Cervix,27,0,27
Gynaecology & Obstetrics,10237,Carcinoma Ovary,27,0,27
Gynaecology & Obstetrics,10237,Physiological Changes of Pregnancy,27,0,27
Gynaecology & Obstetrics,10237,Physiological changes during Pregnancy,27,0,27
Gynaecology & Obstetrics,10237,"PCOD, hirsutism and galactorrhea",26,0,26
Gynaecology & Obstetrics,10237,"Twin Pregnancy, Molar Pregnancy, Gestational Trophoblastic disease and contraception in special situations (Sour Grapes!)",26,0,26
Gynaecology & Obstetrics,10237,"Aboions, Spontaneous & Induced Emergency Contraception (Hey,whats the hurry !)",25,0,25
Gynaecology & Obstetrics,10237,Fetus,25,0,25
Gynaecology & Obstetrics,10237,Gestational Trophoblastic Disease,25,0,25
Gynaecology & Obstetrics,10237,Gynaecological diagnosis and operative surgery,25,0,25
Gynaecology & Obstetrics,10237,Ovarian Tumors and Vulvar cancer,25,0,25
Gynaecology & Obstetrics,10237,Sex Intersexuality,25,0,25
Gynaecology & Obstetrics,10237,Labour - II,24,0,24
Gynaecology & Obstetrics,10237,Polycystic Ovarian Syndrome,23,0,23
Gynaecology & Obstetrics,10237,Urogynecology,23,0,23
Gynaecology & Obstetrics,10237,Ectopic Pregnancy (Hello ! Where are you ?),22,0,22
Gynaecology & Obstetrics,10237,Endocrinology in Relation to Reproduction,22,0,22
Gynaecology & Obstetrics,10237,Gynaecological Diagnosis,22,0,22
Gynaecology & Obstetrics,10237,Malformation of the Female Generative Organs,22,0,22
Gynaecology & Obstetrics,10237,Urinary Fistulas,22,0,22
Gynaecology & Obstetrics,10237,Complication of 3rd Stage of Labour,21,0,21
Gynaecology & Obstetrics,10237,Fetus & New Born and their Diseases,21,0,21
Gynaecology & Obstetrics,10237,Multiple Pregnancy,20,0,20
Gynaecology & Obstetrics,10237,Pregnancy induced Hypeension,20,0,20
Gynaecology & Obstetrics,10237,Endometriosis & H,19,0,19
Gynaecology & Obstetrics,10237,Fetus Placenta & Fetal Membrane,19,0,19
Gynaecology & Obstetrics,10237,Labour - III,19,0,19
Gynaecology & Obstetrics,10237,Mullerian Abnormalities,19,0,19
Gynaecology & Obstetrics,10237,NEET Jan 2020,19,0,19
Gynaecology & Obstetrics,10237,Prenatal Diagnosis,19,0,19
Gynaecology & Obstetrics,10237,Specific Infections,19,0,19
Gynaecology & Obstetrics,10237,Antepaum Haemorrhage,18,0,18
Gynaecology & Obstetrics,10237,Management and Long-Term Consequences,18,0,18
Gynaecology & Obstetrics,10237,recent papers  obst,18,0,18
Gynaecology & Obstetrics,10237,Gynaecological Anatomy,17,0,17
Gynaecology & Obstetrics,10237,JIPMER 2018,17,0,17
Gynaecology & Obstetrics,10237,Endometrial Carcinoma and Hysterectomy,16,0,16
Gynaecology & Obstetrics,10237,"Endometriosis, Adenomyosis",16,0,16
Gynaecology & Obstetrics,10237,Pathology (Carcinoma Ovary),16,0,16
Gynaecology & Obstetrics,10237,Endocrine Control of the Menstrual Cycle,15,0,15
Gynaecology & Obstetrics,10237,Gestational Diabetes Mellitus,15,0,15
Gynaecology & Obstetrics,10237,Hypertensive Disorders in Pregnancy,15,0,15
Gynaecology & Obstetrics,10237,Pregnancy in Rh-negative Women,15,0,15
Gynaecology & Obstetrics,10237,Puerperium,15,0,15
Gynaecology & Obstetrics,10237,AIIMS 2019,14,0,14
Gynaecology & Obstetrics,10237,Carcinoma Endometrium,14,0,14
Gynaecology & Obstetrics,10237,Genital Prolapse - various presentation of prolapse and management of urinary stress incontinence (I am hanging by my nails !),14,0,14
Gynaecology & Obstetrics,10237,Intersex,14,0,14
Gynaecology & Obstetrics,10237,Placenta - Types and their complications,14,0,14
Gynaecology & Obstetrics,10237,Choriocarcinoma,13,0,13
Gynaecology & Obstetrics,10237,Drugs in Pregnancy,13,0,13
Gynaecology & Obstetrics,10237,FMGE 2018,13,0,13
Gynaecology & Obstetrics,10237,Hydramnios and Oligo Hydramnios,13,0,13
Gynaecology & Obstetrics,10237,Malpresentation,13,0,13
Gynaecology & Obstetrics,10237,Maternal Anatomy and Physiology,13,0,13
Gynaecology & Obstetrics,10237,Methods - Progestogen-Only Contraception,13,0,13
Gynaecology & Obstetrics,10237,Pharmacotherapeutic in Obstetrics,13,0,13
Gynaecology & Obstetrics,10237,Preterm Labour,13,0,13
Gynaecology & Obstetrics,10237,Antenatal Care & Assessment of Fetal Well Being,12,0,12
Gynaecology & Obstetrics,10237,Fibroids,12,0,12
Gynaecology & Obstetrics,10237,Obstructed Labour,12,0,12
Gynaecology & Obstetrics,10237,Operative Gynaecology,12,0,12
Gynaecology & Obstetrics,10237,Uterine fibroid,12,0,12
Gynaecology & Obstetrics,10237,Aetiological factors,11,0,11
Gynaecology & Obstetrics,10237,Cardiovascular System,11,0,11
Gynaecology & Obstetrics,10237,"Clinical Features, Diagnosis, and Pathology",11,0,11
Gynaecology & Obstetrics,10237,Endometriosis and dysmenorrhea,11,0,11
Gynaecology & Obstetrics,10237,Management,11,0,11
Gynaecology & Obstetrics,10237,Management (Carcinoma Cervix),11,0,11
Gynaecology & Obstetrics,10237,Methods - Combined Oestrogen-Progestogen Methods,11,0,11
Gynaecology & Obstetrics,10237,Obstetrical Anatomy,11,0,11
Gynaecology & Obstetrics,10237,Ovarian Tumors,11,0,11
Gynaecology & Obstetrics,10237,Ovary,11,0,11
Gynaecology & Obstetrics,10237,Placenta Previa,11,0,11
Gynaecology & Obstetrics,10237,Sterilisation surgeries,11,0,11
Gynaecology & Obstetrics,10237,AIIMS 2018,10,0,10
Gynaecology & Obstetrics,10237,Abnormality of Puerperium,10,0,10
Gynaecology & Obstetrics,10237,Antenatal Screening,10,0,10
Gynaecology & Obstetrics,10237,Breech Presentations ,10,0,10
Gynaecology & Obstetrics,10237,Endometriosis,10,0,10
Gynaecology & Obstetrics,10237,JIPMER 2019,10,0,10
Gynaecology & Obstetrics,10237,Pelvic Inflammatory Disease,10,0,10
Gynaecology & Obstetrics,10237,Tests of Ovulation,10,0,10
Gynaecology & Obstetrics,10237,Amniotic Fluid Dynamics,9,0,9
Gynaecology & Obstetrics,10237,Infections in pregnancy,9,0,9
Gynaecology & Obstetrics,10237,Menopause and HRT,9,0,9
Gynaecology & Obstetrics,10237,Non-Hormonal -  Intrauterine Devices ,9,0,9
Gynaecology & Obstetrics,10237,Pharmacology in Gynaecology,9,0,9
Gynaecology & Obstetrics,10237,Primary Amenorrhea,9,0,9
Gynaecology & Obstetrics,10237,Pubeal Changes,9,0,9
Gynaecology & Obstetrics,10237,Tumor Markers,9,0,9
Gynaecology & Obstetrics,10237,Vulvar cancer,9,0,9
Gynaecology & Obstetrics,10237,Genital Differentiation,8,0,8
Gynaecology & Obstetrics,10237,Infectious Diseases,8,0,8
Gynaecology & Obstetrics,10237,Tuberculosis of the Genital Tract,8,0,8
Gynaecology & Obstetrics,10237,Cardiovascular Disorders,7,0,7
Gynaecology & Obstetrics,10237,Emergency Contraception - Ulipristal acetate (UPA),7,0,7
Gynaecology & Obstetrics,10237,Gynaecology,7,0,7
Gynaecology & Obstetrics,10237,NEET 2018,7,0,7
Gynaecology & Obstetrics,10237,Post Paum Haemorrhage (This better stop now !),7,0,7
Gynaecology & Obstetrics,10237,Radiotherapy & Chemotherapy,7,0,7
Gynaecology & Obstetrics,10237,"Staging, Investigation and Prognostic Factors",7,0,7
Gynaecology & Obstetrics,10237,Valva,7,0,7
Gynaecology & Obstetrics,10237,Vigina,7,0,7
Gynaecology & Obstetrics,10237,Caesarean Section ,6,0,6
Gynaecology & Obstetrics,10237,Caesarean section,6,0,6
Gynaecology & Obstetrics,10237,Diabetes Mellitus,6,0,6
Gynaecology & Obstetrics,10237,Fetal Assessment,6,0,6
Gynaecology & Obstetrics,10237,Heavy menstrual bleeding ,6,0,6
Gynaecology & Obstetrics,10237,NEET 2019,6,0,6
Gynaecology & Obstetrics,10237,Presentation (Carcinoma Ovary),6,0,6
Gynaecology & Obstetrics,10237,RH Incompatibility,6,0,6
Gynaecology & Obstetrics,10237,Treatment and Recurrence,6,0,6
Gynaecology & Obstetrics,10237,Anaemia in Pregnancy,5,0,5
Gynaecology & Obstetrics,10237,Dysmenorrhoea ,5,0,5
Gynaecology & Obstetrics,10237,Endometrial Carcinoma,5,0,5
Gynaecology & Obstetrics,10237,Hydatidiform Mole - Molar Pregnancy,5,0,5
Gynaecology & Obstetrics,10237,Induction of Labour,5,0,5
Gynaecology & Obstetrics,10237,Internal Generative Organs,5,0,5
Gynaecology & Obstetrics,10237,JIPMER 2017,5,0,5
Gynaecology & Obstetrics,10237,Placenta and Chorion Development,5,0,5
Gynaecology & Obstetrics,10237,Post menopausal bleeding,5,0,5
Gynaecology & Obstetrics,10237,Principles of STD Management,5,0,5
Gynaecology & Obstetrics,10237,Secondary Amenorrhea,5,0,5
Gynaecology & Obstetrics,10237,The Ovarian Cycle,5,0,5
Gynaecology & Obstetrics,10237,Tubal Pregnancy,5,0,5
Gynaecology & Obstetrics,10237,Aetiology (Carcinoma Ovary),4,0,4
Gynaecology & Obstetrics,10237,Classification of DSD,4,0,4
Gynaecology & Obstetrics,10237,Contracted Pelvis,4,0,4
Gynaecology & Obstetrics,10237,DNB 2018,4,0,4
Gynaecology & Obstetrics,10237,Diet in Pregnancy,4,0,4
Gynaecology & Obstetrics,10237,Episiotomy,4,0,4
Gynaecology & Obstetrics,10237,Female Sterilization,4,0,4
Gynaecology & Obstetrics,10237,First-Trimester Spontaneous Abortion,4,0,4
Gynaecology & Obstetrics,10237,"Hepatic, Biliary, and Pancreatic Disorders",4,0,4
Gynaecology & Obstetrics,10237,Injury to the Birth Canal,4,0,4
Gynaecology & Obstetrics,10237,Normal Puerperium,4,0,4
Gynaecology & Obstetrics,10237,Operative Gynecology,4,0,4
Gynaecology & Obstetrics,10237,Ovarian Hyperstimulation Syndrome (OHSS),4,0,4
Gynaecology & Obstetrics,10237,Symptoms Associated with Genital Infections,4,0,4
Gynaecology & Obstetrics,10237,Terminology and Diagnosis,4,0,4
Gynaecology & Obstetrics,10237,Urinary System,4,0,4
Gynaecology & Obstetrics,10237,Vomiting in pregnancy,4,0,4
Gynaecology & Obstetrics,10237,Cervical intraepithelial and cervical cancer screening,3,0,3
Gynaecology & Obstetrics,10237,"Classification, Symptoms, and Signs",3,0,3
Gynaecology & Obstetrics,10237,Disorders of Ovulation - Anovulation ,3,0,3
Gynaecology & Obstetrics,10237,Examination for Genital Infections,3,0,3
Gynaecology & Obstetrics,10237,Fetal circulation,3,0,3
Gynaecology & Obstetrics,10237,Genitourinary Fistula,3,0,3
Gynaecology & Obstetrics,10237,Hysterectomy,3,0,3
Gynaecology & Obstetrics,10237,Non-Hormonal - Barrier Methods,3,0,3
Gynaecology & Obstetrics,10237,Placental Abruption,3,0,3
Gynaecology & Obstetrics,10237,Uterus,3,0,3
Gynaecology & Obstetrics,10237,Breasts and Lactation,2,0,2
Gynaecology & Obstetrics,10237,Care of the Pregnant Woman,2,0,2
Gynaecology & Obstetrics,10237,Causes of Obstetrical Hemorrhage,2,0,2
Gynaecology & Obstetrics,10237,Cervical Insufficiency,2,0,2
Gynaecology & Obstetrics,10237,External Genitalia,2,0,2
Gynaecology & Obstetrics,10237,FMGE 2017,2,0,2
Gynaecology & Obstetrics,10237,Fetal Imaging,2,0,2
Gynaecology & Obstetrics,10237,Fibromyoma of the Uterus,2,0,2
Gynaecology & Obstetrics,10237,Growth of the Fetus During Pregnancy,2,0,2
Gynaecology & Obstetrics,10237,Labor Management Protocols,2,0,2
Gynaecology & Obstetrics,10237,Medical Abortion,2,0,2
Gynaecology & Obstetrics,10237,Natural family planning ,2,0,2
Gynaecology & Obstetrics,10237,Normal Menstrual Cycle,2,0,2
Gynaecology & Obstetrics,10237,Pathology and Spread,2,0,2
Gynaecology & Obstetrics,10237,Pathophysiology,2,0,2
Gynaecology & Obstetrics,10237,Preterm Labour & Interauterine Fetal Death,2,0,2
Gynaecology & Obstetrics,10237,Renal and Urinary Tract Disorders,2,0,2
Gynaecology & Obstetrics,10237,The Amnion and Umbilical Cord,2,0,2
Gynaecology & Obstetrics,10237,The Uterine Cycle,2,0,2
Gynaecology & Obstetrics,10237,Uterine Tubes,2,0,2
Gynaecology & Obstetrics,10237,Version,2,0,2
Gynaecology & Obstetrics,10237,AIIMS 2017,1,0,1
Gynaecology & Obstetrics,10237,Aetiology,1,0,1
Gynaecology & Obstetrics,10237,Augmentation of Labor ,1,0,1
Gynaecology & Obstetrics,10237,Brow Presentations ,1,0,1
Gynaecology & Obstetrics,10237,Characteristics of Normal Labor,1,0,1
Gynaecology & Obstetrics,10237,Clinical Manifestations,1,0,1
Gynaecology & Obstetrics,10237,Emergency Contraception - Cu-IUD,1,0,1
Gynaecology & Obstetrics,10237,Fetal Disorders,1,0,1
Gynaecology & Obstetrics,10237,General anatomy,1,0,1
Gynaecology & Obstetrics,10237,Gestational Trophoblastic Neoplasia,1,0,1
Gynaecology & Obstetrics,10237,Hematological Disorders,1,0,1
Gynaecology & Obstetrics,10237,Incidence and Aetiology,1,0,1
Gynaecology & Obstetrics,10237,Instrumental Delivery ,1,0,1
Gynaecology & Obstetrics,10237,Intrauterine Growth Retardation,1,0,1
Gynaecology & Obstetrics,10237,Management of the Second Stage of Labor,1,0,1
Gynaecology & Obstetrics,10237,Mechanisms of Labor,1,0,1
Gynaecology & Obstetrics,10237,Midtrimester Abortion,1,0,1
Gynaecology & Obstetrics,10237,Miscellaneous,1,0,1
Gynaecology & Obstetrics,10237,Miscellaneous gynae,1,0,1
Gynaecology & Obstetrics,10237,Multimodality Diagnosis,1,0,1
Gynaecology & Obstetrics,10237,Neurological Disorders,1,0,1
Gynaecology & Obstetrics,10237,Normal Sex Differentiation,1,0,1
Gynaecology & Obstetrics,10237,Ovarian Pregnancy,1,0,1
Gynaecology & Obstetrics,10237,Recurrent Miscarriage,1,0,1
Gynaecology & Obstetrics,10237,Respiratory System,1,0,1
Gynaecology & Obstetrics,10237,Second Stage of Labor,1,0,1
Gynaecology & Obstetrics,10237,Sexually Transmitted Infections,1,0,1
Gynaecology & Obstetrics,10237,Spread (Carcinoma Ovary),1,0,1
Gynaecology & Obstetrics,10237,Thromboembolic Disorders,1,0,1
Gynaecology & Obstetrics,10237,"Transverse Lies, Oblique Lies and Shoulder Presentations ",1,0,1
Gynaecology & Obstetrics,10237,Treatment and Survival (Carcinoma Ovary),1,0,1
Physiology,9001,(sin sub-specialty),3931,0,3931
Physiology,9001,General physiology,425,0,425
Physiology,9001,Nervous system,375,0,375
Physiology,9001,Nervous System,346,0,346
Physiology,9001,Endocrinology,326,0,326
Physiology,9001,Cardiovascular system,324,0,324
Physiology,9001,All India exam,313,0,313
Physiology,9001,G.I.T,207,0,207
Physiology,9001,Respiratory system,201,0,201
Physiology,9001,"Heart, Circulation, and Blood",189,0,189
Physiology,9001,Renal physiology,161,0,161
Physiology,9001,Respiratory System,149,0,149
Physiology,9001,General,113,0,113
Physiology,9001,Endocrinology and Reproduction,101,0,101
Physiology,9001,Kidneys and Body Fluids,101,0,101
Physiology,9001,G.I.T.,94,0,94
Physiology,9001,Misc.,84,0,84
Physiology,9001,Endocrinology metabolism,80,0,80
Physiology,9001,Endocrine System,67,0,67
Physiology,9001,Gastrointestinal System,63,0,63
Physiology,9001,Sex Hormones,61,0,61
Physiology,9001,"Excretory System (Kidney, Bladder) Acid-Base Balance",59,0,59
Physiology,9001,Respiratory System Pa 1,55,0,55
Physiology,9001,Nerve Physiology,50,0,50
Physiology,9001,Special Senses,35,0,35
Physiology,9001,Blood Physiology,31,0,31
Physiology,9001,Circulation,29,0,29
Physiology,9001,Cell Membrane and transpo protiens,26,0,26
Physiology,9001,Functional Anatomy - Respiratory System,26,0,26
Physiology,9001,Introduction to Central Nervous System,26,0,26
Physiology,9001,Muscle,24,0,24
Physiology,9001,Special Senses: Vision and its Elements,24,0,24
Physiology,9001,"Blood: RBCs, Anemia, and Polycythemia",22,0,22
Physiology,9001,Respiratory System Pa 3,22,0,22
Physiology,9001,Cell Physiology and Intercellular Connections,21,0,21
Physiology,9001,Conducting System of Hea,21,0,21
Physiology,9001,Blood: Hemostasis and Blood Coagulation,20,0,20
Physiology,9001,Respiratory System Pa 2,20,0,20
Physiology,9001,"Thalamus, Hypothalamus and Basal Ganglia",20,0,20
Physiology,9001,Transpo Processes,20,0,20
Physiology,9001,Digestion and Absorption,18,0,18
Physiology,9001,FMGE 2018,18,0,18
Physiology,9001,"Glomerular Filtration, Renal Blood Flow, and Their Control",18,0,18
Physiology,9001,Higher Functions,18,0,18
Physiology,9001,Body fluid compaments,17,0,17
Physiology,9001,Sensory System,17,0,17
Physiology,9001,Body Fluids,16,0,16
Physiology,9001,Renal Tubular Reabsorption and Secretion,16,0,16
Physiology,9001,Transport Across Cell Membrane,16,0,16
Physiology,9001,Applied Aspects and Respiratory Adjustments,15,0,15
Physiology,9001,DNB 2018,15,0,15
Physiology,9001,Skeletal Muscle: Contraction and Excitation,15,0,15
Physiology,9001,Cardiac Output,14,0,14
Physiology,9001,"Circulation: Cardiac Output, Venous Return",14,0,14
Physiology,9001,Excitation and Action Potiential,14,0,14
Physiology,9001,Pituitary,14,0,14
Physiology,9001,AIIMS 2018,12,0,12
Physiology,9001,Female Reproductive System,12,0,12
Physiology,9001,Mechanics of Respiration,12,0,12
Physiology,9001,Miscellaneous Nervous System,12,0,12
Physiology,9001,Motor System,12,0,12
Physiology,9001,Pancreas,12,0,12
Physiology,9001,Principles of Gas Exchange -  Respiratory Membrane,12,0,12
Physiology,9001,Special Senses: Hearing and Equilibrium,12,0,12
Physiology,9001,AIIMS 2019,11,0,11
Physiology,9001,Cardiac Cycle,11,0,11
Physiology,9001,Cerebellum and Brainstem,11,0,11
Physiology,9001,Circulation: Arterial Pressure Regulation - Role of Kidney,11,0,11
Physiology,9001,Concepts in physiology,11,0,11
Physiology,9001,ECG,11,0,11
Physiology,9001,JIPMER 2018,11,0,11
Physiology,9001,NEET Jan 2020,11,0,11
Physiology,9001,Sleep Physiology,11,0,11
Physiology,9001,Calcium Metabolism,10,0,10
Physiology,9001,Membrane potiential,10,0,10
Physiology,9001,Muscle Physiology,10,0,10
Physiology,9001,Nerve,10,0,10
Physiology,9001,Physiology of Pain,10,0,10
Physiology,9001,Chemical Messengers: Receptors,9,0,9
Physiology,9001,Gas Transport,9,0,9
Physiology,9001,General Physiology,8,0,8
Physiology,9001,NEET 2019,8,0,8
Physiology,9001,Regulation of Respiration,8,0,8
Physiology,9001,Secretory Functions of the Alimentary Tract,8,0,8
Physiology,9001,Autonomic Nervous System,7,0,7
Physiology,9001,FMGE 2019,7,0,7
Physiology,9001,Male Reproductive System,7,0,7
Physiology,9001,Membrane Potentials and Action Potentials,7,0,7
Physiology,9001,Neural Tracts,7,0,7
Physiology,9001,Urinary System: Functional Anatomy and Urine Formation,7,0,7
Physiology,9001,Cardiovascular System,6,0,6
Physiology,9001,General Principles of Gastrointestinal Function,6,0,6
Physiology,9001,Heart: Rhythmical Excitation of the Heart,6,0,6
Physiology,9001,Hormones,6,0,6
Physiology,9001,Liver and Gall Bladder,6,0,6
Physiology,9001,Pain Physiology,6,0,6
Physiology,9001,Special Senses: Smell and Taste,6,0,6
Physiology,9001,"Circulation: Biophysics of Pressure, Flow, and Resistance",5,0,5
Physiology,9001,Heart: Normal Electrocardiogram,5,0,5
Physiology,9001,JIPMER 2019,5,0,5
Physiology,9001,Memory and Speech,5,0,5
Physiology,9001,Neurotransmitters,5,0,5
Physiology,9001,Smooth Muscle,5,0,5
Physiology,9001,Circulation: Circulatory Shock and Its Treatment,4,0,4
Physiology,9001,Circulation: Heart Valves and Heart Sounds;  Heart Defects,4,0,4
Physiology,9001,Circulation: Microcirculation and Lymphatic System,4,0,4
Physiology,9001,Excretory System,4,0,4
Physiology,9001,FMGE 2017,4,0,4
Physiology,9001,Nerve Muscle Physiology,4,0,4
Physiology,9001,Propulsion and Mixing of Food in the Alimentary Tract,4,0,4
Physiology,9001,AIIMS 2017,3,0,3
Physiology,9001,"Circulation (Blood flow, Blood Pressure, Regional Circulation, Cardiovascular changes during exercise)",3,0,3
Physiology,9001,Endocrine Regulation and the Pituitary Gland,3,0,3
Physiology,9001,GIT,3,0,3
Physiology,9001,Gaseous exchange,3,0,3
Physiology,9001,Immunology,3,0,3
Physiology,9001,JIPMER 2017,3,0,3
Physiology,9001,Renal Regulation of Minerals,3,0,3
Physiology,9001,Thyroid,3,0,3
Physiology,9001,Adrenal,2,0,2
Physiology,9001,Circulation: Coronary Circulation and Ischemic Heart Disease,2,0,2
Physiology,9001,Circulation: Local and Humoral Control of Tissue Blood Flow,2,0,2
Physiology,9001,Heart: Cardiac Muscle,2,0,2
Physiology,9001,Heart: Electrocardiographic Interpretation Blood Flow Abnormalities,2,0,2
Physiology,9001,NEET 2018,2,0,2
Physiology,9001,Smooth Muscle: Contraction and Excitation,2,0,2
Physiology,9001,Bladder and Micturition Physiology,1,0,1
Physiology,9001,Blood: Transfusion and Organ Transplantation,1,0,1
Physiology,9001,"Diuretics, Kidney Diseases",1,0,1
Physiology,9001,Gram-Positive Infections - Corynebacterial Infections,1,0,1
Physiology,9001,Nerve Muscle Junction,1,0,1
Physiology,9001,Physiology of Gastrointestinal Disorders,1,0,1
Biochemistry,8453,(sin sub-specialty),3756,0,3756
Biochemistry,8453,Metabolism of nucleic acids,339,0,339
Biochemistry,8453,Metabolism of carbohydrate,298,0,298
Biochemistry,8453,Proteins and Amino Acids,250,0,250
Biochemistry,8453,Enzymes,211,0,211
Biochemistry,8453,Metabolism of lipid,198,0,198
Biochemistry,8453,Structure and function of protein,192,0,192
Biochemistry,8453,Carbohydrates,173,0,173
Biochemistry,8453,vitamins,169,0,169
Biochemistry,8453,Vitamins and Minerals,168,0,168
Biochemistry,8453,Metabolism of protein and amino acid,165,0,165
Biochemistry,8453,Molecular Genetics,154,0,154
Biochemistry,8453,Lipids,141,0,141
Biochemistry,8453,Respiratory chain,121,0,121
Biochemistry,8453,Miscellaneous (Bio-Chemistry),116,0,116
Biochemistry,8453,Endocrinology,114,0,114
Biochemistry,8453,miscellaneous,88,0,88
Biochemistry,8453,All India exam,80,0,80
Biochemistry,8453,Respiratory Chain,68,0,68
Biochemistry,8453,Vitamins,66,0,66
Biochemistry,8453,Cholesterol and Lipoproteins,48,0,48
Biochemistry,8453,Amino Acid Metabolism,44,0,44
Biochemistry,8453,Classification and metabolism of amino acids,44,0,44
Biochemistry,8453,Glycolysis,44,0,44
Biochemistry,8453,Transcription,42,0,42
Biochemistry,8453,nutrition and digestion,41,0,41
Biochemistry,8453,Nutrition & Digestion,38,0,38
Biochemistry,8453,Techniques in molecular biology,38,0,38
Biochemistry,8453,Classification of carbohydrate,34,0,34
Biochemistry,8453,Gluconeogenesis,34,0,34
Biochemistry,8453,Lipoproteins,34,0,34
Biochemistry,8453,Miscellaneous (Structure & Function of Proteins),34,0,34
Biochemistry,8453,Molecular Biology Techniques,33,0,33
Biochemistry,8453,Amino Acids Basics,31,0,31
Biochemistry,8453,Translation,28,0,28
Biochemistry,8453,Glycogen,27,0,27
Biochemistry,8453,Glycogen Metabolism and Glycogen Storage,26,0,26
Biochemistry,8453,Mechanisms of Enzyme Action,26,0,26
Biochemistry,8453,Nucleotides,26,0,26
Biochemistry,8453,Amino Acid Metabolic Disorder,25,0,25
Biochemistry,8453,"Chemistry of Carbohydrates, Amino sugars, and Mucopolysaccharides",25,0,25
Biochemistry,8453,Miscellaneous,25,0,25
Biochemistry,8453,Structure & Function of Protein,25,0,25
Biochemistry,8453,Membrane Structure & Function,24,0,24
Biochemistry,8453,Urea cycle,24,0,24
Biochemistry,8453,Metabolism of Purines and Pyrimidines,23,0,23
Biochemistry,8453,DNA Replication ,22,0,22
Biochemistry,8453,TCA Cycle,22,0,22
Biochemistry,8453,Basics of DNA,21,0,21
Biochemistry,8453,NEET 2019,21,0,21
Biochemistry,8453,Biosynthesis of Fatty Acids and Eicosanoids,20,0,20
Biochemistry,8453,Chemistry of Lipids,19,0,19
Biochemistry,8453,FMGE 2019,19,0,19
Biochemistry,8453,HAEM synth and porphyrias,19,0,19
Biochemistry,8453,Replication,19,0,19
Biochemistry,8453,membrane structure and function,19,0,19
Biochemistry,8453,DNB 2018,17,0,17
Biochemistry,8453,FMGE 2018,16,0,16
Biochemistry,8453,Oxidation of Fatty acids: Ketogenesis,16,0,16
Biochemistry,8453,AIIMS 2018,15,0,15
Biochemistry,8453,Molecular Biology,15,0,15
Biochemistry,8453,Galactose and fructose metabolism,14,0,14
Biochemistry,8453,Phenylalanine and Tyrosine metabolism Detail,14,0,14
Biochemistry,8453,ETC,13,0,13
Biochemistry,8453,Enzyme basics and serine proteases,13,0,13
Biochemistry,8453,Kerbs Cycle,13,0,13
Biochemistry,8453,NEET 2018,13,0,13
Biochemistry,8453,Proteins bonds and structure,13,0,13
Biochemistry,8453,Mutations & Codons,12,0,12
Biochemistry,8453,"Phospholipids, Glycolipids and their disorders",12,0,12
Biochemistry,8453,Structure of DNA,12,0,12
Biochemistry,8453,Urea Cycle and Disorders,12,0,12
Biochemistry,8453,Chemistry of Nucleotides ,11,0,11
Biochemistry,8453,Cholesterol synthesis and bile acids,11,0,11
Biochemistry,8453,Four Formulas,11,0,11
Biochemistry,8453,"Fuel in Fed, Fasting and Starvation",11,0,11
Biochemistry,8453,"HMP Shunt Pathway, Fructose, Galactose Metabolism",11,0,11
Biochemistry,8453,NEET Jan 2020,11,0,11
Biochemistry,8453,Regulation of Gene Expression ,11,0,11
Biochemistry,8453,AIIMS 2019,10,0,10
Biochemistry,8453,Basics of amino acids,10,0,10
Biochemistry,8453,Beta oxidation of fatty acids,10,0,10
Biochemistry,8453,Cofactor and prosthetic groups,10,0,10
Biochemistry,8453,Enzyme Kinetics,10,0,10
Biochemistry,8453,Basics of genetics,9,0,9
Biochemistry,8453,Biological Function of Proteins,9,0,9
Biochemistry,8453,Genetic Disorders,9,0,9
Biochemistry,8453,Link reaction,9,0,9
Biochemistry,8453,Miscellaneous (Enzymes),9,0,9
Biochemistry,8453,Tryptophan metabolism detail,9,0,9
Biochemistry,8453,Basics of carbohydrate metabolism,8,0,8
Biochemistry,8453,Enzyme uses,8,0,8
Biochemistry,8453,Fatty acid and synthesis,8,0,8
Biochemistry,8453,Glycine Metabolism Detail,8,0,8
Biochemistry,8453,JIPMER 2017,8,0,8
Biochemistry,8453,JIPMER 2018,8,0,8
Biochemistry,8453,Lipid Oxidation and Synthesis,8,0,8
Biochemistry,8453,Enzyme kinetics,7,0,7
Biochemistry,8453,Enzyme regulation,7,0,7
Biochemistry,8453,Glucose Transpo,7,0,7
Biochemistry,8453,Mendalian Inheritance,7,0,7
Biochemistry,8453,Methionine and Cysteine details,7,0,7
Biochemistry,8453,Organelles,7,0,7
Biochemistry,8453,Diabetes,6,0,6
Biochemistry,8453,Fat and Carbohydrate interconversion,6,0,6
Biochemistry,8453,Primary Structure of Proteins,6,0,6
Biochemistry,8453,AIIMS 2017,5,0,5
Biochemistry,8453,Sources of blood glucose,5,0,5
Biochemistry,8453,Enzyme Specificity and Allosteric Regulation,4,0,4
Biochemistry,8453,Micronutrient Metabolism,4,0,4
Biochemistry,8453,Concepts in Biochemistry,2,0,2
Biochemistry,8453,AIIMS 2020,1,0,1
Biochemistry,8453,Electron Transport Chain and Biological Oxidation,1,0,1
Biochemistry,8453,Enzymology,1,0,1
Biochemistry,8453,JIPMER 2019,1,0,1
Biochemistry,8453,"Secondary, Tertiary and Quaternary Structure of Proteins",1,0,1
Pediatrics,8418,(sin sub-specialty),4083,147,4230
Pediatrics,8418,New born infants,184,0,184
Pediatrics,8418,Growth and development,176,0,176
Pediatrics,8418,Nutrition,170,0,170
Pediatrics,8418,New Born Infants,161,0,161
Pediatrics,8418,C.V.S.,144,0,144
Pediatrics,8418,All India exam,143,0,143
Pediatrics,8418,C.V.S,123,0,123
Pediatrics,8418,"Growth, Development, and Behavior",108,0,108
Pediatrics,8418,Genetic and genetic disorders,107,0,107
Pediatrics,8418,Genetics And Genetic Disorders,101,0,101
Pediatrics,8418,Endocrinology,97,0,97
Pediatrics,8418,Central Nervous System,83,0,83
Pediatrics,8418,Miscellaneous,80,0,80
Pediatrics,8418,Gastro Intestinal System,76,0,76
Pediatrics,8418,Central Nervous system,75,0,75
Pediatrics,8418,Gastrointestinal tract,69,0,69
Pediatrics,8418,Respiratory System,69,0,69
Pediatrics,8418,Inborn Errors of Metabolism,64,0,64
Pediatrics,8418,Infectious disease,58,0,58
Pediatrics,8418,Urinary tract,55,0,55
Pediatrics,8418,Childhood tumors,51,0,51
Pediatrics,8418,Kidney,49,0,49
Pediatrics,8418,Immunization,48,0,48
Pediatrics,8418,Respiratory system,45,0,45
Pediatrics,8418,Disorders of Gastrointestinal System Including Diarrhea,44,0,44
Pediatrics,8418,Hematology,44,0,44
Pediatrics,8418,Infection,43,0,43
Pediatrics,8418,Childhood Tumors,42,0,42
Pediatrics,8418,Musculoskeletal  disorders,40,0,40
Pediatrics,8418,Metabolic disorders,39,0,39
Pediatrics,8418,Disorders of the Respiratory Tract,35,0,35
Pediatrics,8418,General Considerations - Infectious Diseases,34,0,34
Pediatrics,8418,Musculo Skeletal Disorders,31,0,31
Pediatrics,8418,Paediatrics,31,0,31
Pediatrics,8418,Assessment of Growth,30,0,30
Pediatrics,8418,Malnutrition,30,0,30
Pediatrics,8418,Blood,29,0,29
Pediatrics,8418,Impoant Viral Diseases in Children,28,0,28
Pediatrics,8418,Disorders of Amino acid Metabolism,27,0,27
Pediatrics,8418,Urinary Tract,27,0,27
Pediatrics,8418,Fluid and Electrolyte Treatment of Specific Disorders,25,0,25
Pediatrics,8418,Neonatal Resuscitation,25,0,25
Pediatrics,8418,Other hea diseases in children,24,0,24
Pediatrics,8418,Disorders of Carbohydrate Metabolism,22,0,22
Pediatrics,8418,Fluid and electrolytes,22,0,22
Pediatrics,8418,Genetic Approach to Pediatric Medicine,22,0,22
Pediatrics,8418,Newborn Infant - Physical Examination,22,0,22
Pediatrics,8418,Cyanotic Congenital Heart Disease,21,0,21
Pediatrics,8418,Fluid & Electrolyte,21,0,21
Pediatrics,8418,Growth,21,0,21
Pediatrics,8418,Adolescence,20,0,20
Pediatrics,8418,Nephritic & Nephrotic Syndrome,20,0,20
Pediatrics,8418,Stomach and Intestines,19,0,19
Pediatrics,8418,Types of Genetic Disorders,19,0,19
Pediatrics,8418,Viral Infections,18,0,18
Pediatrics,8418,Developmental-Behavioral Screening and Surveillance,17,0,17
Pediatrics,8418,Hemolytic anemia,17,0,17
Pediatrics,8418,Impoant Motor Milestones,17,0,17
Pediatrics,8418,Neoplastic disorders of WBCs,17,0,17
Pediatrics,8418,Nephropathy,17,0,17
Pediatrics,8418,FMGE 2018,16,0,16
Pediatrics,8418,Impoant Genetic Syndromes,16,0,16
Pediatrics,8418,Primary Immunodeficiency,16,0,16
Pediatrics,8418,Epilepsy,15,0,15
Pediatrics,8418,Genetics of Common Disorders,15,0,15
Pediatrics,8418,Liver disorders,15,0,15
Pediatrics,8418,Impoant Bacterial Diseases in Children,14,0,14
Pediatrics,8418,Impoant Terminologies and Primitive Neonatal reflexes,14,0,14
Pediatrics,8418,NEET Jan 2020,14,0,14
Pediatrics,8418,Breast Milk & Breast Feeding,13,0,13
Pediatrics,8418,JIPMER 2018,13,0,13
Pediatrics,8418,Lysosomal Storage Diseases,13,0,13
Pediatrics,8418,"Nutrition, Food Security, and Health",13,0,13
Pediatrics,8418,Adrenal Gland,12,0,12
Pediatrics,8418,C.H.D.,12,0,12
Pediatrics,8418,Congenital CNS malformations,12,0,12
Pediatrics,8418,"Fluid, Electrolyte",12,0,12
Pediatrics,8418,IUGR and Feeding of Preterm Neonate,12,0,12
Pediatrics,8418,Neonatal hypothermia,12,0,12
Pediatrics,8418,Acyanotic congenital hea diseases,11,0,11
Pediatrics,8418,Congenital Infections,11,0,11
Pediatrics,8418,Disorders of Pubey,11,0,11
Pediatrics,8418,Micronutrient Mineral Deficiencies,11,0,11
Pediatrics,8418,Nutritional anemia,11,0,11
Pediatrics,8418,Respiratory Disorders in neonates,11,0,11
Pediatrics,8418,Social and Language Milestones,11,0,11
Pediatrics,8418,Types of vaccines,11,0,11
Pediatrics,8418,Other Respiratory Disorders,10,0,10
Pediatrics,8418,Respiratory infections,10,0,10
Pediatrics,8418,Abnormalities of Head Size,9,0,9
Pediatrics,8418,CNS infections,9,0,9
Pediatrics,8418,Coagulation disorders,9,0,9
Pediatrics,8418,DNB 2018,9,0,9
Pediatrics,8418,Metabolic Disorders,9,0,9
Pediatrics,8418,Seizures in Childhood and Conditions that Mimic Seizures,9,0,9
Pediatrics,8418,Thyroid disorders,9,0,9
Pediatrics,8418,Vaccination schedule,9,0,9
Pediatrics,8418,Vitamin D,9,0,9
Pediatrics,8418,AIIMS 2017,8,0,8
Pediatrics,8418,Abnormalities of Development,8,0,8
Pediatrics,8418,Behavioral Disorders in Children,8,0,8
Pediatrics,8418,Disorders of Sodium and Potassium,8,0,8
Pediatrics,8418,FMGE 2019,8,0,8
Pediatrics,8418,Febrile seizures,8,0,8
Pediatrics,8418,Feeding Healthy Infants and Children,8,0,8
Pediatrics,8418,JIPMER 2017,8,0,8
Pediatrics,8418,Liver and Biliary System,8,0,8
Pediatrics,8418,Neoplasms of the Kidney,8,0,8
Pediatrics,8418,Neurocutaneous syndromes,8,0,8
Pediatrics,8418,Newborn Infant - Parent-Infant Bonding,8,0,8
Pediatrics,8418,Other disorders of bone,8,0,8
Pediatrics,8418,Perinatal Asphyxia,8,0,8
Pediatrics,8418,Pubey and Adolescent Health,8,0,8
Pediatrics,8418,Renal Tubular And Obstructive Disorders,8,0,8
Pediatrics,8418,Acute and Chronic Kidney Disease,7,0,7
Pediatrics,8418,Body composition and Acid base Balance,7,0,7
Pediatrics,8418,Development and Epidemiology,7,0,7
Pediatrics,8418,Disorders of Pituitary Gland,7,0,7
Pediatrics,8418,Fetal circulation,7,0,7
Pediatrics,8418,High-Risk Infant - Prematurity & Intrauterine Growth Restriction,7,0,7
Pediatrics,8418,Hydrocephalus,7,0,7
Pediatrics,8418,Neonatal Jaundice,7,0,7
Pediatrics,8418,Neonatal sepsis,7,0,7
Pediatrics,8418,Scurvy,7,0,7
Pediatrics,8418,AIIMS 2018,6,0,6
Pediatrics,8418,AIIMS 2019,6,0,6
Pediatrics,8418,Bleeding disorders,6,0,6
Pediatrics,8418,Congenital Anomalies of the CNS,6,0,6
Pediatrics,8418,Gonads,6,0,6
Pediatrics,8418,Hemolytic Anemias,6,0,6
Pediatrics,8418,JIPMER 2019,6,0,6
Pediatrics,8418,Leukemias and Lymphoma,6,0,6
Pediatrics,8418,NEET 2019,6,0,6
Pediatrics,8418,Neurologic Evaluation,6,0,6
Pediatrics,8418,Rickets,6,0,6
Pediatrics,8418,Sho Stature,6,0,6
Pediatrics,8418,Storage of vaccines,6,0,6
Pediatrics,8418,Thyroid Gland,6,0,6
Pediatrics,8418,Acyanotic Congenital Heart Disease,5,0,5
Pediatrics,8418,Childhood malignancies,5,0,5
Pediatrics,8418,Digestive System Disorders,5,0,5
Pediatrics,8418,Disorders of Muscle and Muscular Dystrophies,5,0,5
Pediatrics,8418,Infections of the Neonatal Infant,5,0,5
Pediatrics,8418,Respiratory Tract Disorders,5,0,5
Pediatrics,8418,Vasculitic Disorders in Children,5,0,5
Pediatrics,8418,Vitamin A,5,0,5
Pediatrics,8418,congenital anomalies of kidney,5,0,5
Pediatrics,8418,Blood Disorders,4,0,4
Pediatrics,8418,Congenital Malformations,4,0,4
Pediatrics,8418,Malignancies,4,0,4
Pediatrics,8418,Nervous System Disorders,4,0,4
Pediatrics,8418,Nutritional Requirements,4,0,4
Pediatrics,8418,Preventive Measures,4,0,4
Pediatrics,8418,Raised intracranial tension,4,0,4
Pediatrics,8418,Assessment of Fetal Growth and Development,3,0,3
Pediatrics,8418,Clinical Manifestations of GI Disease,3,0,3
Pediatrics,8418,Diabetes mellitus and obesity,3,0,3
Pediatrics,8418,Disorders Of Muscles in Children,3,0,3
Pediatrics,8418,Hematopoietic System,3,0,3
Pediatrics,8418,Impoant Parasitic Infections in Children,3,0,3
Pediatrics,8418,Introduction,3,0,3
Pediatrics,8418,Maintenance and Replacement Therapy,3,0,3
Pediatrics,8418,Mycobacterial Infections,3,0,3
Pediatrics,8418,Rheumatic Heart Disease,3,0,3
Pediatrics,8418,Anemias of Inadequate Production,2,0,2
Pediatrics,8418,CNS Infections,2,0,2
Pediatrics,8418,Delivery Room Emergencies,2,0,2
Pediatrics,8418,Diabetes Mellitus in Children,2,0,2
Pediatrics,8418,Electrolyte and Acid-Base Disorders,2,0,2
Pediatrics,8418,Embryology and abdominal wall layer,2,0,2
Pediatrics,8418,"Endocrine, Toxic, and Metabolic Myopathies",2,0,2
Pediatrics,8418,Hemorrhagic and Thrombotic Diseases,2,0,2
Pediatrics,8418,Metabolism of Amino Acids,2,0,2
Pediatrics,8418,Necrotising enterocolitis,2,0,2
Pediatrics,8418,Newborn Infant - Delivery Room and Nursery Care,2,0,2
Pediatrics,8418,Normal hematopoiesis,2,0,2
Pediatrics,8418,Patterns of Genetic Transmission,2,0,2
Pediatrics,8418,The Umbilicus,2,0,2
Pediatrics,8418,Urinary Tract Infections,2,0,2
Pediatrics,8418,Vitamin B,2,0,2
Pediatrics,8418,Vitamin C,2,0,2
Pediatrics,8418,AIIMS 2020,1,0,1
Pediatrics,8418,Aplastic anemia,1,0,1
Pediatrics,8418,Cardiac Therapeutics,1,0,1
Pediatrics,8418,Cerebral palsy,1,0,1
Pediatrics,8418,Chlamydial Infections,1,0,1
Pediatrics,8418,Cytogenetics,1,0,1
Pediatrics,8418,Demyelinating Disorders of the CNS,1,0,1
Pediatrics,8418,Disturbances of Rate and Rhythm of the Heart,1,0,1
Pediatrics,8418,Enuresis and Voiding Dysfunction,1,0,1
Pediatrics,8418,Esophagus,1,0,1
Pediatrics,8418,FMGE 2017,1,0,1
Pediatrics,8418,Genitourinary System,1,0,1
Pediatrics,8418,Gram-Negative Bacterial Infections,1,0,1
Pediatrics,8418,Gram-Positive Bacterial Infections,1,0,1
Pediatrics,8418,Helminthic Diseases,1,0,1
Pediatrics,8418,Metabolism of Lipids,1,0,1
Pediatrics,8418,NEET 2018,1,0,1
Pediatrics,8418,Neurodegenerative Disorders of Childhood,1,0,1
Pediatrics,8418,Obstruction of the Urinary Tract,1,0,1
Pediatrics,8418,Pancytopenias,1,0,1
Pediatrics,8418,Protozoan Diseases,1,0,1
Pediatrics,8418,Soft Tissue Sarcomas,1,0,1
Pediatrics,8418,Tetralogy of Fallot,1,0,1
Pediatrics,8418,Vesicoureteral Reflux,1,0,1
Pediatrics,8418,renal tubular disorders & obstructive disorders,1,0,1
Ophthalmology,6990,(sin sub-specialty),3961,0,3961
Ophthalmology,6990,Lens,220,0,220
Ophthalmology,6990,Glaucoma,173,0,173
Ophthalmology,6990,"Diseases of orbit, Lids and lacrimal apparatus",146,0,146
Ophthalmology,6990,Retina,146,0,146
Ophthalmology,6990,Conjunctiva,137,0,137
Ophthalmology,6990,Miscellaneous,131,0,131
Ophthalmology,6990,Vitreous and retina,111,0,111
Ophthalmology,6990,Cornea and sclera,110,0,110
Ophthalmology,6990,Cornea,99,0,99
Ophthalmology,6990,"Anatomy, Development and clinical examination",91,0,91
Ophthalmology,6990,All India exam,72,0,72
Ophthalmology,6990,Optics and refraction,69,0,69
Ophthalmology,6990,Neuro-ophthalmology,67,0,67
Ophthalmology,6990,Uveal tract,67,0,67
Ophthalmology,6990,Ocular motility and squint,61,0,61
Ophthalmology,6990,Tumors,54,0,54
Ophthalmology,6990,Neuro Ophthalmology,51,0,51
Ophthalmology,6990,Uveal Tract,47,0,47
Ophthalmology,6990,Ocular trauma ,46,0,46
Ophthalmology,6990,Anatomy,42,0,42
Ophthalmology,6990,Neuro-Ophthalmology,42,0,42
Ophthalmology,6990,Optics and Errors of Refraction,39,0,39
Ophthalmology,6990,Acquired Cataract,34,0,34
Ophthalmology,6990,Conjuctiva,32,0,32
Ophthalmology,6990,Diseases of Cornea,30,0,30
Ophthalmology,6990,Inflammations of the Cornea,29,0,29
Ophthalmology,6990,Cataract,28,0,28
Ophthalmology,6990,Ocular Embryology& Anatomy,27,0,27
Ophthalmology,6990,FMGE 2018,26,0,26
Ophthalmology,6990,Orbit,26,0,26
Ophthalmology,6990,Squint,25,0,25
Ophthalmology,6990,Elementary Optics,24,0,24
Ophthalmology,6990,Inflammations of Conjunctiva - Infective,24,0,24
Ophthalmology,6990,Ocular Motility,24,0,24
Ophthalmology,6990,Ocular Trauma,24,0,24
Ophthalmology,6990,Disorders of Conjunctiva,23,0,23
Ophthalmology,6990,Errors of Refraction,22,0,22
Ophthalmology,6990,Diagnosis and Treatment of Retina,19,0,19
Ophthalmology,6990,Investigation in ophthalmology and miscellaneous topics,19,0,19
Ophthalmology,6990,Strabismus,19,0,19
Ophthalmology,6990,"Vitreous Humour, Uveal Disorders",19,0,19
Ophthalmology,6990,Drugs,17,0,17
Ophthalmology,6990,Techniques of Ocular Examination and Diagnostic Tests,17,0,17
Ophthalmology,6990,Vascular Disorders,17,0,17
Ophthalmology,6990,Community Ophthalmology,16,0,16
Ophthalmology,6990,Inflammations of Conjunctiva - Allergic and Granulomatous,16,0,16
Ophthalmology,6990,Lacrimal Apparatus and Eyelid Disorders,15,0,15
Ophthalmology,6990,Nasolacrimal Disorders,15,0,15
Ophthalmology,6990,Miscellaneous (Lens),14,0,14
Ophthalmology,6990,Primary Open-Angle Glaucoma and Related Conditions,14,0,14
Ophthalmology,6990,Surgical Techniques for Cataract Extraction,14,0,14
Ophthalmology,6990,Retinal Detachment,13,0,13
Ophthalmology,6990,Trauma,13,0,13
Ophthalmology,6990,Uveitis,13,0,13
Ophthalmology,6990,Intra Ocular Tumour,12,0,12
Ophthalmology,6990,Lesions of the Visual Pathway,12,0,12
Ophthalmology,6990,Primary Angle-Closure Glaucoma,12,0,12
Ophthalmology,6990,Types of Errors of Refraction,12,0,12
Ophthalmology,6990,Lacrimal Gland,11,0,11
Ophthalmology,6990,Lid,11,0,11
Ophthalmology,6990,Sclera,11,0,11
Ophthalmology,6990,Ophthalmology Q Bank,10,0,10
Ophthalmology,6990,Optic Nerve,10,0,10
Ophthalmology,6990,Orbit and Adnexa,10,0,10
Ophthalmology,6990,Diseases of the Optic Nerve,9,0,9
Ophthalmology,6990,Miscellaneous (Sclera),9,0,9
Ophthalmology,6990,"Proptosis, Enophthalmos, Developmental Anomalies",9,0,9
Ophthalmology,6990,Inflammatory Disorders,8,0,8
Ophthalmology,6990,Degenerative Conditions,7,0,7
Ophthalmology,6990,JIPMER 2018,7,0,7
Ophthalmology,6990,Ocular Manifestations,7,0,7
Ophthalmology,6990,Orbital Disorders,7,0,7
Ophthalmology,6990,AIIMS 2019,6,0,6
Ophthalmology,6990,Anomalies in the Position of Lashes and Lid Margin,6,0,6
Ophthalmology,6990,Cataract Surgery,6,0,6
Ophthalmology,6990,Dystrophies and Degenerations,6,0,6
Ophthalmology,6990,Ectopia Lentis,6,0,6
Ophthalmology,6990,Examination of the Eye,6,0,6
Ophthalmology,6990,"General Considerations - Definition, Classification, Pathogenesis",6,0,6
Ophthalmology,6990,Lenses,6,0,6
Ophthalmology,6990,Pupillary Reflexes and their Abnormalities,6,0,6
Ophthalmology,6990,Adverse Ocular Effects of Systemic Drugs,5,0,5
Ophthalmology,6990,Congenital Glaucomas,5,0,5
Ophthalmology,6990,NEET 2019,5,0,5
Ophthalmology,6990,Strabismus - Definition and Evaluation,5,0,5
Ophthalmology,6990,Surgical Procedures For Glaucoma,5,0,5
Ophthalmology,6990,Systemic Disease,5,0,5
Ophthalmology,6990,Vitreous Haemorrhage Vitrectomy,5,0,5
Ophthalmology,6990,Corneal Dystrophies,4,0,4
Ophthalmology,6990,Displacements of the Lens,4,0,4
Ophthalmology,6990,Ecstatic Conditions of Cornea,4,0,4
Ophthalmology,6990,Refractive Surgery,4,0,4
Ophthalmology,6990,Secondary Glaucomas,4,0,4
Ophthalmology,6990,Vitreous,4,0,4
Ophthalmology,6990,AIIMS 2018,3,0,3
Ophthalmology,6990,Accommodation and Its Anomalies,3,0,3
Ophthalmology,6990,Age-Related Cataract,3,0,3
Ophthalmology,6990,Congenital and Developmental Disorders,3,0,3
Ophthalmology,6990,"Graves' Ophthalmopathy, Tumors, Fractures, and Surgery",3,0,3
Ophthalmology,6990,NEET Jan 2020,3,0,3
Ophthalmology,6990,Oedema of Lids,3,0,3
Ophthalmology,6990,Symptomatic Conditions,3,0,3
Ophthalmology,6990,Symptomatic Disturbance of Vision,3,0,3
Ophthalmology,6990,Abnormalities of Corneal Transparency,2,0,2
Ophthalmology,6990,FMGE 2019,2,0,2
Ophthalmology,6990,Immune-mediated scleritis,2,0,2
Ophthalmology,6990,Orbital Inflammations,2,0,2
Ophthalmology,6990,Symptomatic Disturbances of Vision,2,0,2
Ophthalmology,6990,Traumatic Lesions,2,0,2
Ophthalmology,6990,Congenital Anomalies,1,0,1
Ophthalmology,6990,Congenital Cataract,1,0,1
Ophthalmology,6990,Corneal Degenerations,1,0,1
Ophthalmology,6990,Cysts and Tumors,1,0,1
Ophthalmology,6990,DNB 2018,1,0,1
Ophthalmology,6990,Determination of Errors of Refraction,1,0,1
Ophthalmology,6990,FMGE 2017,1,0,1
Ophthalmology,6990,JIPMER 2017,1,0,1
Ophthalmology,6990,Keratoplasty,1,0,1
Ophthalmology,6990,Macular Disorders,1,0,1
Ophthalmology,6990,Ocular Manifestations of Diseases of CNS,1,0,1
Ophthalmology,6990,Spectacles and Contact Lenses,1,0,1
Ophthalmology,6990,Tumors and Injuries,1,0,1
Ophthalmology,6990,Vitreous Opacities,1,0,1
Forensic Medicine,5967,(sin sub-specialty),3523,0,3523
Forensic Medicine,5967,Poisoning,188,0,188
Forensic Medicine,5967,"Law & Medicine, Identification, Autopsy & Burn",140,0,140
Forensic Medicine,5967,"Forensic Toxicology - Concepts, Statutes, Evidence, and Techniques",118,0,118
Forensic Medicine,5967,Death and postmortem changes,108,0,108
Forensic Medicine,5967,Mechanical injuries,105,0,105
Forensic Medicine,5967,Injuries,87,0,87
Forensic Medicine,5967,Sexual offences and infanticide,85,0,85
Forensic Medicine,5967,Medico legal procedures,82,0,82
Forensic Medicine,5967,All India exam,80,0,80
Forensic Medicine,5967,Misc.,79,0,79
Forensic Medicine,5967,Identification,78,0,78
Forensic Medicine,5967,Medical Jurisprudence,75,0,75
Forensic Medicine,5967,Death and Investigations,70,0,70
Forensic Medicine,5967,Toxicology - 1,63,0,63
Forensic Medicine,5967,Toxicology,62,0,62
Forensic Medicine,5967,Asphyxia,56,0,56
Forensic Medicine,5967,Human identification,55,0,55
Forensic Medicine,5967,FMT Q Bank,51,0,51
Forensic Medicine,5967,Special topics,51,0,51
Forensic Medicine,5967,Sexual Offenses,46,0,46
Forensic Medicine,5967,Forensic Psychiatry,40,0,40
Forensic Medicine,5967,Ballistics,36,0,36
Forensic Medicine,5967,Mechanical Injuries,35,0,35
Forensic Medicine,5967,Toxicology - 2,35,0,35
Forensic Medicine,5967,Thanatology,34,0,34
Forensic Medicine,5967,Drug Abuse,33,0,33
Forensic Medicine,5967,Toxicology - 3,29,0,29
Forensic Medicine,5967,Hanging and strangulation,28,0,28
Forensic Medicine,5967,Thermal injury,28,0,28
Forensic Medicine,5967,"Indian Legal system, Legal sections & Cou procedures",26,0,26
Forensic Medicine,5967,Introduction to Forensic Medicine and Medical Jurisprudence,26,0,26
Forensic Medicine,5967,Identification - Medicolegal aspects,22,0,22
Forensic Medicine,5967,Miscellaneous,22,0,22
Forensic Medicine,5967,Sexual Offenses and Dowry Death,22,0,22
Forensic Medicine,5967,Sexual offences,22,0,22
Forensic Medicine,5967,Death and Medicolegal Aspects,21,0,21
Forensic Medicine,5967,Asphyxial Deaths,17,0,17
Forensic Medicine,5967,"Impotency, Virginity, pregnancy & aboion",16,0,16
Forensic Medicine,5967,Legal sections,16,0,16
Forensic Medicine,5967,Regional injuries,16,0,16
Forensic Medicine,5967,Biological Materials & Stains,13,0,13
Forensic Medicine,5967,Thermal injuries,13,0,13
Forensic Medicine,5967,Injuries by Firearms,12,0,12
Forensic Medicine,5967,Postmoem techniques,12,0,12
Forensic Medicine,5967,Infant deaths & child abuse,11,0,11
Forensic Medicine,5967,Medical Negligence,10,0,10
Forensic Medicine,5967,NEET Jan 2020,9,0,9
Forensic Medicine,5967,Drowning,8,0,8
Forensic Medicine,5967,FMGE 2019,8,0,8
Forensic Medicine,5967,Identification of Dead and Mass Disaster,8,0,8
Forensic Medicine,5967,Injuries by Blunt Force,8,0,8
Forensic Medicine,5967,Injuries: Medicolegal Considerations and Types,8,0,8
Forensic Medicine,5967,Inorganic Irritants,8,0,8
Forensic Medicine,5967,Identification of Living,7,0,7
Forensic Medicine,5967,Abortion and Delivery,6,0,6
Forensic Medicine,5967,Asphyxial deaths,6,0,6
Forensic Medicine,5967,JIPMER 2018,6,0,6
Forensic Medicine,5967,JIPMER 2019,6,0,6
Forensic Medicine,5967,Medicolegal Autopsy,6,0,6
Forensic Medicine,5967,AIIMS 2018,5,0,5
Forensic Medicine,5967,Trace evidences,5,0,5
Forensic Medicine,5967,AIIMS 2017,4,0,4
Forensic Medicine,5967,Alcohol and Alcoholism,4,0,4
Forensic Medicine,5967,Corrosive Poisons,4,0,4
Forensic Medicine,5967,DNB 2018,4,0,4
Forensic Medicine,5967,Gram-Positive Infections - Corynebacterial Infections,4,0,4
Forensic Medicine,5967,Injuries by Sharp Force,4,0,4
Forensic Medicine,5967,Thermal Deaths,4,0,4
Forensic Medicine,5967,Transportation Injuries,4,0,4
Forensic Medicine,5967,FMGE 2017,3,0,3
Forensic Medicine,5967,FMGE 2018,3,0,3
Forensic Medicine,5967,Injuries by Explosives,3,0,3
Forensic Medicine,5967,JIPMER 2017,3,0,3
Forensic Medicine,5967,Regional Injuries,3,0,3
Forensic Medicine,5967,Toure methods,3,0,3
Forensic Medicine,5967,Agro-Chemical Poisoning,2,0,2
Forensic Medicine,5967,Consent to and Refusal of Treatment,2,0,2
Forensic Medicine,5967,Non-Narcotic Drug Abuse & Deliriant Poisons,2,0,2
Forensic Medicine,5967,AIIMS 2019,1,0,1
Forensic Medicine,5967,Childhood Violence and Starvation,1,0,1
Forensic Medicine,5967,Death by Electrocution,1,0,1
Forensic Medicine,5967,Fumigants & Asphyxiants,1,0,1
Forensic Medicine,5967,General anatomy,1,0,1
Forensic Medicine,5967,Infanticide and Foeticide,1,0,1
Forensic Medicine,5967,NEET 2019,1,0,1
Forensic Medicine,5967,Organic Irritants,1,0,1
Forensic Medicine,5967,Spinal and Cardiac Poisons,1,0,1
Forensic Medicine,5967,Starvation and Neglect,1,0,1
ENT,4972,(sin sub-specialty),2394,0,2394
ENT,4972,Ear,722,0,722
ENT,4972,Nose and paranasal sinuses,282,0,282
ENT,4972,Larynx,238,0,238
ENT,4972,Nose and PNS,164,0,164
ENT,4972,Pharynx,144,0,144
ENT,4972,All India exam,55,0,55
ENT,4972,Oral Cavity,54,0,54
ENT,4972,Facial Nerve And Its Disorders,48,0,48
ENT,4972,Oral cavity & Oesophagus,43,0,43
ENT,4972,Diagnostic and operative ENT,42,0,42
ENT,4972,Otosclerosis,38,0,38
ENT,4972,Assessment of Vestibular Function,31,0,31
ENT,4972,CSOM and its Complications,30,0,30
ENT,4972,Miscellaneous (E.N.T.),30,0,30
ENT,4972,Operative Surgery,30,0,30
ENT,4972,Tumors,29,0,29
ENT,4972,Congenital Lesions and Stridor,26,0,26
ENT,4972,Hearing Loss,25,0,25
ENT,4972,Anatomy of Larynx,24,0,24
ENT,4972,Disorders of Middle Ear (Otitis Media),23,0,23
ENT,4972,FMGE 2018,23,0,23
ENT,4972,Miscellaneous ENT,23,0,23
ENT,4972,Disease of External Nose & Nasal Septum,22,0,22
ENT,4972,Epistaxis,20,0,20
ENT,4972,Head & Neck Infections,18,0,18
ENT,4972,Rhinitis,18,0,18
ENT,4972,Diagnostic & Operative ENT,16,0,16
ENT,4972,FMGE 2019,16,0,16
ENT,4972,Acoustic Neuroma,12,0,12
ENT,4972,Oesophagus,12,0,12
ENT,4972,Paranasal Sinuses,12,0,12
ENT,4972,Nasal Polyposis,11,0,11
ENT,4972,Menier's Disease,10,0,10
ENT,4972,NEET Jan 2020,10,0,10
ENT,4972,Tonsils,10,0,10
ENT,4972,Tumors of Nose and PNS,10,0,10
ENT,4972,Voice and Speech Disorders,10,0,10
ENT,4972,DNB 2018,9,0,9
ENT,4972,Infections and Inflammatory Conditions,9,0,9
ENT,4972,Anatomy of External Ear & Pinna,8,0,8
ENT,4972,ENT Q Bank,8,0,8
ENT,4972,JIPMER 2018,8,0,8
ENT,4972,NEET 2019,7,0,7
ENT,4972,Tomour of Larynx,7,0,7
ENT,4972,Anatomy and Physiology of Nose and PNS,6,0,6
ENT,4972,Anatomy of Inner Ear,6,0,6
ENT,4972,Anatomy of Middle Ear,6,0,6
ENT,4972,Anatomy of Middle Ear (Otitis Media),6,0,6
ENT,4972,General,6,0,6
ENT,4972,Hypopharynx,6,0,6
ENT,4972,NEET 2018,6,0,6
ENT,4972,Tumors of Ear,6,0,6
ENT,4972,Anatomy and Physiology of Pharynx,5,0,5
ENT,4972,Congenital Anomalies of Nose and PNS,5,0,5
ENT,4972,Disorders of External Ear,5,0,5
ENT,4972,Facial Nerve and its disorders,5,0,5
ENT,4972,Trauma of Nose and Face,5,0,5
ENT,4972,AIIMS 2017,4,0,4
ENT,4972,AIIMS 2018,4,0,4
ENT,4972,AIIMS 2019,4,0,4
ENT,4972,Anatomy of Nasal Cavity,4,0,4
ENT,4972,Diseases of Inner Ear and Vestibular Schwannoma,4,0,4
ENT,4972,Embryology of Ear and Malformations,4,0,4
ENT,4972,Eustachian Tube,4,0,4
ENT,4972,Nasopharynx,4,0,4
ENT,4972,Physiology of Ear,4,0,4
ENT,4972,Polyp,4,0,4
ENT,4972,Vocal Fold Palsy,4,0,4
ENT,4972,Adenoids,3,0,3
ENT,4972,Benign Tumors,3,0,3
ENT,4972,Complications of Chronic Otitis Media,3,0,3
ENT,4972,Foreign Bodies in ENT,3,0,3
ENT,4972,Tumour of Nasopharynx,3,0,3
ENT,4972,Tumours of Nose and Paranasal Sinuses,3,0,3
ENT,4972,Anatomy of External Ear,2,0,2
ENT,4972,Ca Larynx,2,0,2
ENT,4972,DNS,2,0,2
ENT,4972,Diseases of Nose and Paranasal Sinuses,2,0,2
ENT,4972,Granulomatous Disorders of Nose Nasal Polyp And Foreign Body,2,0,2
ENT,4972,Inner Ear,2,0,2
ENT,4972,JIPMER 2017,2,0,2
ENT,4972,JIPMER 2019,2,0,2
ENT,4972,Laryngeal Paralysis,2,0,2
ENT,4972,Miscellaneous (Larynx),2,0,2
ENT,4972,Miscellaneous Ear,2,0,2
ENT,4972,Miscellaneous topics,2,0,2
ENT,4972,Nasal Polyps,2,0,2
ENT,4972,Oropharynx,2,0,2
ENT,4972,Otitis Media,2,0,2
ENT,4972,Pharyngeal Pouch,2,0,2
ENT,4972,Physiology of Hearing,2,0,2
ENT,4972,Rhinosporidiosis,2,0,2
ENT,4972,Trauma to the Face,2,0,2
ENT,4972,AIIMS 2020,1,0,1
ENT,4972,Acute and Chronic Inflammations of Larynx,1,0,1
ENT,4972,Benign Lesions of Larynx,1,0,1
ENT,4972,Carcinoma Oral Cavity & Oropharynx,1,0,1
ENT,4972,Congenital Diseases of Larynx,1,0,1
ENT,4972,Deep Neck Space Infections and Pharyngeal Abcess,1,0,1
ENT,4972,Diseases of External Ear,1,0,1
ENT,4972,External Nose,1,0,1
ENT,4972,Fundamentals of Ear,1,0,1
ENT,4972,Fungal Rhinosinusitis,1,0,1
ENT,4972,Glomus,1,0,1
ENT,4972,Malignant Tumors,1,0,1
ENT,4972,Miscellaneous (Nose & PNS),1,0,1
ENT,4972,Nasopharyngeal Angiofibroma,1,0,1
ENT,4972,Neural pathway of Sound,1,0,1
ENT,4972,Pharyngitis,1,0,1
ENT,4972,Physiology of nose,1,0,1
ENT,4972,Test of Hearing,1,0,1
Psychiatry,4575,(sin sub-specialty),2362,117,2479
Psychiatry,4575,Miscellaneous,237,0,237
Psychiatry,4575,All India exam,118,0,118
Psychiatry,4575,Mood Disorders,112,0,112
Psychiatry,4575,"Neurotic, Stress Related and Somatoform Disorders",89,0,89
Psychiatry,4575,Personality Disorders,79,0,79
Psychiatry,4575,Schizophrenia Spectrum and Other Psychotic Disorders,76,0,76
Psychiatry,4575,Substance abuse,67,0,67
Psychiatry,4575,Pharmacotherapy in psychiatry,61,0,61
Psychiatry,4575,Symptoms & Signs ,58,0,58
Psychiatry,4575,Substance Related and Addictive Disorders,56,0,56
Psychiatry,4575,Symptoms and signs in psychiatry and classification,55,0,55
Psychiatry,4575,Personality disorders,54,0,54
Psychiatry,4575,Sleep Disorders,53,0,53
Psychiatry,4575,Child Psychiatry,49,0,49
Psychiatry,4575,Basics of Psychiatry,47,0,47
Psychiatry,4575,Schizophrenia and other psychotic disorders,47,0,47
Psychiatry,4575,Mood disorders,45,0,45
Psychiatry,4575,Pharmacotherapy In Psychiatry,37,0,37
Psychiatry,4575,Psychoanalysis,36,0,36
Psychiatry,4575,Schizophreniform Disorder,36,0,36
Psychiatry,4575,Sexual Disorders,35,0,35
Psychiatry,4575,Sleep disorders and eating disorders,34,0,34
Psychiatry,4575,Alcohol-Related Disorders,32,0,32
Psychiatry,4575,Organic Mental Disorders,31,0,31
Psychiatry,4575,Organic mental disorders,31,0,31
Psychiatry,4575,Substance Abuse,31,0,31
Psychiatry,4575,Treatment in psychiatry,31,0,31
Psychiatry,4575,Schizophrenia,30,0,30
Psychiatry,4575,Child psychiatry,29,0,29
Psychiatry,4575,Cognitive development and defence mechanism,29,0,29
Psychiatry,4575,Anxiety disorders stress disorders and grief,25,0,25
Psychiatry,4575,Organic Mental Disorder,25,0,25
Psychiatry,4575,Anxiety & Stress,24,0,24
Psychiatry,4575,Major Depression,20,0,20
Psychiatry,4575,Eating Disorders,15,0,15
Psychiatry,4575,Pharmacotherapy Management of Children and Adolescents,15,0,15
Psychiatry,4575,Neurotic Disorders,14,0,14
Psychiatry,4575,Treatment,14,0,14
Psychiatry,4575,Cognitive Development,13,0,13
Psychiatry,4575,Drugs & Other Biological Methods of Treatment,13,0,13
Psychiatry,4575,Bipolar Disorder,11,0,11
Psychiatry,4575,Dementia Due to Metabolic Causes,11,0,11
Psychiatry,4575,"Intellectual disability, communication, autism, and ADHD",10,0,10
Psychiatry,4575,Somatoform Disorders,10,0,10
Psychiatry,4575,Sleep-Wake Disorders,9,0,9
Psychiatry,4575,Drug and Alcohol-Related Conditions,8,0,8
Psychiatry,4575,FMGE 2019,8,0,8
Psychiatry,4575,JIPMER 2018,8,0,8
Psychiatry,4575,Opioid-Related Disorders,8,0,8
Psychiatry,4575,Psychoanalysis and Psychotherapy,8,0,8
Psychiatry,4575,Somatoform disorders,8,0,8
Psychiatry,4575,Normal Sleep,7,0,7
Psychiatry,4575,Generalized Anxiety Disorder,6,0,6
Psychiatry,4575,DNB 2018,5,0,5
Psychiatry,4575,Degenerative Disorders,5,0,5
Psychiatry,4575,NEET Jan 2020,5,0,5
Psychiatry,4575,Somatic Symptom Disorder,5,0,5
Psychiatry,4575,AIIMS 2018,4,0,4
Psychiatry,4575,AIIMS 2019,4,0,4
Psychiatry,4575,Disorders of Adult Personality,4,0,4
Psychiatry,4575,FMGE 2017,4,0,4
Psychiatry,4575,FMGE 2018,4,0,4
Psychiatry,4575,JIPMER 2017,4,0,4
Psychiatry,4575,Specific Phobia,4,0,4
Psychiatry,4575,Cognitive and Behavior Therapy,3,0,3
Psychiatry,4575,Mental Retardation,3,0,3
Psychiatry,4575,Panic Disorder,3,0,3
Psychiatry,4575,Brief Psychotic Disorder and Catatonia,2,0,2
Psychiatry,4575,Hallucinogen-Related Disorders,2,0,2
Psychiatry,4575,JIPMER 2019,2,0,2
Psychiatry,4575,NEET 2018,2,0,2
Psychiatry,4575,Posttraumatic Stress and Acute Stress Disorders,2,0,2
Psychiatry,4575,Psychiatry Q Bank,2,0,2
Psychiatry,4575,AIIMS 2017,1,0,1
Psychiatry,4575,Adjustment Disorders,1,0,1
Psychiatry,4575,Cannabis-Related Disorders,1,0,1
Psychiatry,4575,Cardiovascular Disorders,1,0,1
Psychiatry,4575,Children - Conduct Disorder,1,0,1
Psychiatry,4575,Children - Disruptive Mood Disregulation Disorder,1,0,1
Psychiatry,4575,Delusional Disorder,1,0,1
Psychiatry,4575,Functional Neurological Symptom Disorder (Conversion Disorder),1,0,1
Psychiatry,4575,NEET 2019,1,0,1
Psychiatry,4575,Other Anxiety Disorders,1,0,1
Psychiatry,4575,Psychiatric Treatment of Children,1,0,1
Psychiatry,4575,Tobacco-Related Disorders,1,0,1
Radiology,4464,(sin sub-specialty),2718,0,2718
Radiology,4464,All India exam,121,0,121
Radiology,4464,Miscellaneous,87,0,87
Radiology,4464,G.I.T.,75,0,75
Radiology,4464,Skeletal System,74,0,74
Radiology,4464,Fundamentals in Radiology,68,0,68
Radiology,4464,Neuroradiology,68,0,68
Radiology,4464,Radiotherapy,66,0,66
Radiology,4464,Nervous System,63,0,63
Radiology,4464,Abdominal Radiography,61,0,61
Radiology,4464,Skeletal system,57,0,57
Radiology,4464,Radiology Q Bank,53,0,53
Radiology,4464,Fundamentals In Radiology,48,0,48
Radiology,4464,Gastrointestinal Radiology,46,0,46
Radiology,4464,Musculoskeletal Radiology,44,0,44
Radiology,4464,Respiratory System,41,0,41
Radiology,4464,Respiratory system,40,0,40
Radiology,4464,ULTRASOUND,40,0,40
Radiology,4464,Cardiac and Pericardiac Imaging,34,0,34
Radiology,4464,Nuclear medicine,34,0,34
Radiology,4464,CT SCAN,33,0,33
Radiology,4464,Cardiovascular system,33,0,33
Radiology,4464,X-RAYS,32,0,32
Radiology,4464,Cardiovascular Radiology,25,0,25
Radiology,4464,Respiratory Radiology,25,0,25
Radiology,4464,"Ultrasonography, CT, and MRI",25,0,25
Radiology,4464,Magnetic Resonance Imaging,24,0,24
Radiology,4464,"Brain Imaging: Anatomy, Trauma, and Tumors",21,0,21
Radiology,4464,Imaging of Interstitial Lung Disease,20,0,20
Radiology,4464,Physics of Radiotherapy,20,0,20
Radiology,4464,Genitourinary radiology,17,0,17
Radiology,4464,GIT and hepatobiliary system,16,0,16
Radiology,4464,Genito Urinary System,16,0,16
Radiology,4464,NEET Jan 2020,15,0,15
Radiology,4464,Urogenital System,14,0,14
Radiology,4464,Obstetrics And Gynaecology,13,0,13
Radiology,4464,C.V.S.,12,0,12
Radiology,4464,Contrast Agents,12,0,12
Radiology,4464,Imaging of Musculoskeletal Tumors,12,0,12
Radiology,4464,Radiotherapy Pa 1,12,0,12
Radiology,4464,Women Imaging,12,0,12
Radiology,4464,Hepatobiliary radiology,11,0,11
Radiology,4464,Imaging of Alveolar Lung Disease,11,0,11
Radiology,4464,Imaging of Metabolic Bone Disease,11,0,11
Radiology,4464,Nuclear Medicine,10,0,10
Radiology,4464,Angiography,9,0,9
Radiology,4464,Introduction to Radiology,9,0,9
Radiology,4464,Neoplasia,9,0,9
Radiology,4464,CT and MRI of the Kidney,7,0,7
Radiology,4464,JIPMER 2018,7,0,7
Radiology,4464,"Plain Film Radiography, Fluoroscopy, and Tomosynthesis",7,0,7
Radiology,4464,Radiation treatment planning,7,0,7
Radiology,4464,Radiotherapy Pa 2,7,0,7
Radiology,4464,Endocrine System,6,0,6
Radiology,4464,"Brain Imaging: Inflammatory, Infectious, and Vascular Diseases",5,0,5
Radiology,4464,FMGE 2019,5,0,5
Radiology,4464,Imaging of Lung Nodules and Masses,5,0,5
Radiology,4464,Advanced Fetal Ultrasonography and Therapy,4,0,4
Radiology,4464,Advanced Neurospinal Imaging,4,0,4
Radiology,4464,Imaging of Pleural Disease,4,0,4
Radiology,4464,Nervous system,4,0,4
Radiology,4464,Obstetrical Ultrasonography in the First Trimester,4,0,4
Radiology,4464,Radiological anatomy,4,0,4
Radiology,4464,Urography,4,0,4
Radiology,4464,AIIMS 2018,3,0,3
Radiology,4464,Aortic Imaging,3,0,3
Radiology,4464,Positron Emission Tomography of Non-Oncological Disorders,3,0,3
Radiology,4464,Radiation Dose and Safety Considerations in Imaging,3,0,3
Radiology,4464,Radionuclide Therapeutic Intervention,3,0,3
Radiology,4464,Radiotherapy beam production,3,0,3
Radiology,4464,AIIMS 2019,2,0,2
Radiology,4464,Brachytherapy,2,0,2
Radiology,4464,Breast Ultrasonography and MRI,2,0,2
Radiology,4464,Contrast agents,2,0,2
Radiology,4464,FMGE 2018,2,0,2
Radiology,4464,Imaging of Mediastinal Disease,2,0,2
Radiology,4464,JIPMER 2017,2,0,2
Radiology,4464,JIPMER 2019,2,0,2
Radiology,4464,NEET 2018,2,0,2
Radiology,4464,Obstetrical Ultrasonography in the Second Trimester,2,0,2
Radiology,4464,Obstetrics and gynaecology,2,0,2
Radiology,4464,Peripheral and Visceral Vascular Imaging,2,0,2
Radiology,4464,Positron Emission Tomography of Oncological Disorders,2,0,2
Radiology,4464,Quality and Management in Radiotherapy,2,0,2
Radiology,4464,Urogenital system,2,0,2
Radiology,4464,AIIMS 2017,1,0,1
Radiology,4464,"CT and MRI of the Liver, Gallbladder, and Biliary Tract",1,0,1
Radiology,4464,CT and MRI of the Pancreas,1,0,1
Radiology,4464,Care of Patients During Radiotherapy,1,0,1
Radiology,4464,DNB 2018,1,0,1
Radiology,4464,FMGE 2017,1,0,1
Radiology,4464,Head and Neck Imaging,1,0,1
Radiology,4464,Imaging of Arthritis,1,0,1
Radiology,4464,Imaging of Extremity Trauma,1,0,1
Radiology,4464,Imaging of Musculoskeletal Infection,1,0,1
Radiology,4464,Imaging of Non-Traumatic Spinal Disorders,1,0,1
Radiology,4464,MRI of the Hand and Wrist,1,0,1
Radiology,4464,Nuclear Medicine and Molecular Imaging,1,0,1
Radiology,4464,"Thyroid, Parathyroid, and Salivary Gland Scintigraphy",1,0,1
Radiology,4464,Tumors of thorax,1,0,1
Anaesthesia,3206,(sin sub-specialty),1636,0,1636
Anaesthesia,3206,All India exam,107,0,107
Anaesthesia,3206,General anaesthesia,107,0,107
Anaesthesia,3206,Intravenous Anesthetic Agents,94,0,94
Anaesthesia,3206,Miscellaneous,90,0,90
Anaesthesia,3206,Miscellaneous General Anesthesia,83,0,83
Anaesthesia,3206,Preoperative assessment and monitoring in anaesthesia,82,0,82
Anaesthesia,3206,Inhalational Anesthetic Agents,68,0,68
Anaesthesia,3206,Neuromuscular Blocker,66,0,66
Anaesthesia,3206,Regional Anesthesia,51,0,51
Anaesthesia,3206,Anaesthetic equipments,49,0,49
Anaesthesia,3206,Airway,48,0,48
Anaesthesia,3206,Miscellaneous (Local and Regional Anesthesia),47,0,47
Anaesthesia,3206,Complications Of Anaesthesia,45,0,45
Anaesthesia,3206,Muscle relaxants,44,0,44
Anaesthesia,3206,General Anesthesia,36,0,36
Anaesthesia,3206,Regional anaesthesia,31,0,31
Anaesthesia,3206,Pre Anesthetic Evaluation,29,0,29
Anaesthesia,3206,Muscle Relaxant,28,0,28
Anaesthesia,3206,Central Neuraxial Blockade,27,0,27
Anaesthesia,3206,Local and Regional Anesthesia,27,0,27
Anaesthesia,3206,Anesthesia Machine,26,0,26
Anaesthesia,3206,Monitoring in Anesthesia,25,0,25
Anaesthesia,3206,Cardiopulmonary Cerebral Resuscitation,22,0,22
Anaesthesia,3206,Fundamental Concepts,22,0,22
Anaesthesia,3206,Non-depolarising Neuromuscular Blocking Agents,21,0,21
Anaesthesia,3206,Anaesthesia For Special Situations,20,0,20
Anaesthesia,3206,Breathing Systems,20,0,20
Anaesthesia,3206,Fundamental concepts,20,0,20
Anaesthesia,3206,Depolarising Neuromuscular Blocking Agents,19,0,19
Anaesthesia,3206,Modes of Ventilation,18,0,18
Anaesthesia,3206,Anaesthesia Q Bank,17,0,17
Anaesthesia,3206,"Spinal, Epidural, & Caudal Blocks",14,0,14
Anaesthesia,3206,Anaesthesia of special situations,13,0,13
Anaesthesia,3206,Anaesthetic Equipments,13,0,13
Anaesthesia,3206,Cardiopulmonary Resuscitation And Mechanical Ventilation,12,0,12
Anaesthesia,3206,Anesthesia Circuit,10,0,10
Anaesthesia,3206,JIPMER 2018,10,0,10
Anaesthesia,3206,Complications of anaesthesia,9,0,9
Anaesthesia,3206,FMGE 2018,8,0,8
Anaesthesia,3206,Perioperative Fluids,8,0,8
Anaesthesia,3206,AIIMS 2019,6,0,6
Anaesthesia,3206,FMGE 2019,6,0,6
Anaesthesia,3206,Miscellaneous (Anesthetic Equipment),6,0,6
Anaesthesia,3206,Preoperative Assessment & Monitoring,6,0,6
Anaesthesia,3206,AIIMS 2017,5,0,5
Anaesthesia,3206,JIPMER 2019,5,0,5
Anaesthesia,3206,NEET 2019,5,0,5
Anaesthesia,3206,DNB 2018,4,0,4
Anaesthesia,3206,JIPMER 2017,4,0,4
Anaesthesia,3206,NEET Jan 2020,4,0,4
Anaesthesia,3206,Preoperative Assessment,4,0,4
Anaesthesia,3206,Anesthesia for Respiratory Disease,3,0,3
Anaesthesia,3206,Cardiopulmonary resuscitation and mechanical ventilation,3,0,3
Anaesthesia,3206,Peripheral Nerve Blocks,3,0,3
Anaesthesia,3206,Anesthesia for Cardiovascular Disease and Surgery,2,0,2
Anaesthesia,3206,Anesthesia for Kidney Disease,2,0,2
Anaesthesia,3206,Anesthesia for Liver Disease,2,0,2
Anaesthesia,3206,Anesthesia for Neurosurgery,2,0,2
Anaesthesia,3206,FMGE 2017,2,0,2
Anaesthesia,3206,NEET 2018,2,0,2
Anaesthesia,3206,Pediatric Anesthesia,2,0,2
Anaesthesia,3206,Anesthesia for Neurologic & Psychiatric Diseases,1,0,1
Anaesthesia,3206,Geriatric Anesthesia,1,0,1
Anaesthesia,3206,Interactions of NMJ Blockers,1,0,1
Anaesthesia,3206,Miscellaneous Muscle Relaxant,1,0,1
Anaesthesia,3206,Neuromuscular Junction,1,0,1
Anaesthesia,3206,Obstetric Anesthesia,1,0,1
Unknown,3047,(sin sub-specialty),2736,0,2736
Unknown,3047,Integrated QBank,311,0,311
Orthopaedics,3019,(sin sub-specialty),902,0,902
Orthopaedics,3019,All India exam,145,0,145
Orthopaedics,3019,Miscellaneous,108,0,108
Orthopaedics,3019,Bone Tumour,71,0,71
Orthopaedics,3019,Peripheral Nerve Injuries,55,0,55
Orthopaedics,3019,Arthritis,53,0,53
Orthopaedics,3019,Joint disorders,47,0,47
Orthopaedics,3019,Ohopaedics Q Bank,46,0,46
Orthopaedics,3019,Management In Orthopedics,43,0,43
Orthopaedics,3019,"Thigh, Knee,Leg,Foot & Ankle injuries",42,0,42
Orthopaedics,3019,Infection of Bones & Joints,41,0,41
Orthopaedics,3019,Injuries Around the Thigh & Knee,39,0,39
Orthopaedics,3019,Tumors,39,0,39
Orthopaedics,3019,Congenital Dislocation of Hip (C.D.H.),38,0,38
Orthopaedics,3019,Pelvis and Hip injuries,38,0,38
Orthopaedics,3019,Injuries Around Arm & Elbow,35,0,35
Orthopaedics,3019,Spinal Injuries,33,0,33
Orthopaedics,3019,Shoulder and arm injuries,32,0,32
Orthopaedics,3019,Elbow injuries,31,0,31
Orthopaedics,3019,Injuries Around Shoulder,31,0,31
Orthopaedics,3019,Pediatric orthopedics,31,0,31
Orthopaedics,3019,Bony dysplasia and soft tissue affection,27,0,27
Orthopaedics,3019,Ohopedics Oncology,26,0,26
Orthopaedics,3019,Upper Limb Traumatology,26,0,26
Orthopaedics,3019,Fracture Management,25,0,25
Orthopaedics,3019,Injuries Around the Fore Arm & Wrist,25,0,25
Orthopaedics,3019,Pediatric Ohopedics,25,0,25
Orthopaedics,3019,Anatomy of Bone & Fracture Healing,23,0,23
Orthopaedics,3019,Forearm wrist and hand injuries,23,0,23
Orthopaedics,3019,Management in Orthopedics,22,0,22
Orthopaedics,3019,Metabolic Bone Disease,22,0,22
Orthopaedics,3019,Nerve Injuries - 1,21,0,21
Orthopaedics,3019,"Injuries to the Leg, Ankle & Foot",20,0,20
Orthopaedics,3019,Dislocation of Shoulder,19,0,19
Orthopaedics,3019,Metabolic Disorders Leading to Osteosclerosis,19,0,19
Orthopaedics,3019,Peripheral nerve injuries,19,0,19
Orthopaedics,3019,Rheumatoid Arthritis,19,0,19
Orthopaedics,3019,Congenital Talips Eqino Varvs (C.T.E.V.),18,0,18
Orthopaedics,3019,General,18,0,18
Orthopaedics,3019,Hand Injuries,18,0,18
Orthopaedics,3019,Anatomy and physiology of bone and fracture healing,17,0,17
Orthopaedics,3019,Neuromuscular disorders,17,0,17
Orthopaedics,3019,Injuries Around Hip,16,0,16
Orthopaedics,3019,Lower Limb Traumatology,16,0,16
Orthopaedics,3019,Peripheral Nerve Injury,16,0,16
Orthopaedics,3019,Spinal injuries,16,0,16
Orthopaedics,3019,Bone,15,0,15
Orthopaedics,3019,Metabolic and endocrine disorders,15,0,15
Orthopaedics,3019,TB of the Spine,15,0,15
Orthopaedics,3019,Complications In  Orthopedics,14,0,14
Orthopaedics,3019,FMGE 2018,14,0,14
Orthopaedics,3019,Osteogenic Sarcoma,14,0,14
Orthopaedics,3019,Tuberculosis of Bone & Joints,14,0,14
Orthopaedics,3019,Humerus Fractures,13,0,13
Orthopaedics,3019,Important complications in orthopaedics,13,0,13
Orthopaedics,3019,Pelvis and Hip Injury,13,0,13
Orthopaedics,3019,Spinal Injury,13,0,13
Orthopaedics,3019,Supracondylar Fracture,13,0,13
Orthopaedics,3019,Metabolic Disorders of Bone,12,0,12
Orthopaedics,3019,Metabolic disorders - 1,12,0,12
Orthopaedics,3019,Skeletal infections,12,0,12
Orthopaedics,3019,Avascular Necrosis,11,0,11
Orthopaedics,3019,Fracture Neck of Femur,11,0,11
Orthopaedics,3019,Other Rheumatic Diseases,11,0,11
Orthopaedics,3019,Bone Dysplasia & Soft Tissue Affection,10,0,10
Orthopaedics,3019,Thoracic and Lumbosacral Spine Injuries,10,0,10
Orthopaedics,3019,AIIMS 2019,9,0,9
Orthopaedics,3019,Classification of Bone Tumors,9,0,9
Orthopaedics,3019,Injuries of the Foot,9,0,9
Orthopaedics,3019,Knee Ligament Injuries,9,0,9
Orthopaedics,3019,Pediatric Orthopedics,9,0,9
Orthopaedics,3019,Pelvis & Injuries,9,0,9
Orthopaedics,3019,Spos Injury,9,0,9
Orthopaedics,3019,Amputations and Spos Injury,8,0,8
Orthopaedics,3019,Dislocation of Elbow Joint,8,0,8
Orthopaedics,3019,FMGE 2019,8,0,8
Orthopaedics,3019,Fracture of the Humerus,8,0,8
Orthopaedics,3019,"Hip, Spine, Neck, and Shoulder Problems",8,0,8
Orthopaedics,3019,Injuries of the Forearm,8,0,8
Orthopaedics,3019,JIPMER 2018,8,0,8
Orthopaedics,3019,Lower Limb and Foot & Ankle Problems,8,0,8
Orthopaedics,3019,NEET 2019,8,0,8
Orthopaedics,3019,Nervous System,8,0,8
Orthopaedics,3019,Skeletal Infections,8,0,8
Orthopaedics,3019,Giant Cell Tumor (GCT) or Osteoclastoma,7,0,7
Orthopaedics,3019,Injuries of the Wrist,7,0,7
Orthopaedics,3019,Metastatic Bone Disease,7,0,7
Orthopaedics,3019,Metastatic Tumors of Bone,7,0,7
Orthopaedics,3019,Tuberculosis of Bone and Joints,7,0,7
Orthopaedics,3019,Avascular Necrosis & Osteochondroses,6,0,6
Orthopaedics,3019,Disorders of the Hand,6,0,6
Orthopaedics,3019,FMGE 2017,6,0,6
Orthopaedics,3019,Joint and Soft tissue infections,6,0,6
Orthopaedics,3019,Osteochondritis and Avascular Necrosis,6,0,6
Orthopaedics,3019,Radial Nerve Injury,6,0,6
Orthopaedics,3019,"TB of the Hip, Knee, Other Joints",6,0,6
Orthopaedics,3019,AIIMS 2018,5,0,5
Orthopaedics,3019,Bone and Imaging,5,0,5
Orthopaedics,3019,Fracture Shaft Femur,5,0,5
Orthopaedics,3019,"Fractures of Metacarpals, Phalanges, Metacarpo-Phalangeal Joints",5,0,5
Orthopaedics,3019,Infective Arthritis,5,0,5
Orthopaedics,3019,Joint Disorders,5,0,5
Orthopaedics,3019,Osteomyelitis,5,0,5
Orthopaedics,3019,Collateral and Cruciate Ligament Injuries,4,0,4
Orthopaedics,3019,Imaging and basics in Ohopedics,4,0,4
Orthopaedics,3019,Injuries of the Ankle,4,0,4
Orthopaedics,3019,Monteggia and Distal Radius Fracture,4,0,4
Orthopaedics,3019,Regional Conditions of the Lower Limb,4,0,4
Orthopaedics,3019,Upper Limb Problems,4,0,4
Orthopaedics,3019,Avascular necrosis and osteochondroses,3,0,3
Orthopaedics,3019,Dislocation of Hip,3,0,3
Orthopaedics,3019,Fracture of Tibia and Fibula,3,0,3
Orthopaedics,3019,Hyperparathyroidism,3,0,3
Orthopaedics,3019,NEET 2018,3,0,3
Orthopaedics,3019,Osseous Origin Bone Tumors,3,0,3
Orthopaedics,3019,Osteomalacia,3,0,3
Orthopaedics,3019,Ulnar Nerve Injury,3,0,3
Orthopaedics,3019,AIIMS 2017,2,0,2
Orthopaedics,3019,Acute Dislocation of Patella or Knee,2,0,2
Orthopaedics,3019,Chondroma,2,0,2
Orthopaedics,3019,DNB 2018,2,0,2
Orthopaedics,3019,Erb's Palsy,2,0,2
Orthopaedics,3019,Klumpke's Paralysis,2,0,2
Orthopaedics,3019,Rickets,2,0,2
Orthopaedics,3019,Scurvy,2,0,2
Orthopaedics,3019,AIIMS 2020,1,0,1
Orthopaedics,3019,Amputation of Fingers,1,0,1
Orthopaedics,3019,Anatomy and General Principles,1,0,1
Orthopaedics,3019,Bennett's Fracture-Dislocation,1,0,1
Orthopaedics,3019,Brachial Plexus Injuries,1,0,1
Orthopaedics,3019,Complications that Produce Cosmetic Abnormalities,1,0,1
Orthopaedics,3019,Deformities and the Management,1,0,1
Orthopaedics,3019,Fracture Distal Femur,1,0,1
Orthopaedics,3019,Fracture of Femur,1,0,1
Orthopaedics,3019,Fungal Infections,1,0,1
Orthopaedics,3019,Hemophilic Arthritis,1,0,1
Orthopaedics,3019,Individual Cervical Vertebra Fracture of Interest,1,0,1
Orthopaedics,3019,Injuries of Cervical Spine,1,0,1
Orthopaedics,3019,JIPMER 2019,1,0,1
Orthopaedics,3019,Multiple Myeloma,1,0,1
Orthopaedics,3019,Neuropathic Joints,1,0,1
Orthopaedics,3019,Osteochondroses,1,0,1
Orthopaedics,3019,"Radial Head Fracture, Olecranon Fracture",1,0,1
Orthopaedics,3019,Regional  Disease,1,0,1
Orthopaedics,3019,Renal Osteodystrophy,1,0,1
Orthopaedics,3019,Spinal Cord Injury,1,0,1
Orthopaedics,3019,Synovial Chondromatosis,1,0,1
Orthopaedics,3019,Tendon and Crush Injuries,1,0,1
Orthopaedics,3019,Whiplash Injury,1,0,1
Skin,1788,(sin sub-specialty),1156,0,1156
Skin,1788,Miscellaneous,72,0,72
Skin,1788,Autoimmune Skin Disorders,56,0,56
Skin,1788,General,53,0,53
Skin,1788,Bacterial Infection of Skin,41,0,41
Skin,1788,S.T.D.,40,0,40
Skin,1788,Anatomy of Skin,38,0,38
Skin,1788,Papulosquamous Disorders,36,0,36
Skin,1788,Fungal Infection,29,0,29
Skin,1788,Vesiculobullous (Blistering) Disorders,23,0,23
Skin,1788,Skin Cancer,21,0,21
Skin,1788,Dermatitis Erythema,20,0,20
Skin,1788,C. Mycobacteria,18,0,18
Skin,1788,Psoriasis,16,0,16
Skin,1788,Alopecia,15,0,15
Skin,1788,Erythmato-Squamous and Lichenoid Eruption,15,0,15
Skin,1788,Scabies,15,0,15
Skin,1788,Skin Lesions And Disorders Of Pigmentation,11,0,11
Skin,1788,Vesiculobullous & Erosive Diseases in the Newborn and Infant,11,0,11
Skin,1788,Disorder of Pigmentation,10,0,10
Skin,1788,Drugs,10,0,10
Skin,1788,Pemphigoid Group,10,0,10
Skin,1788,Dermatophytosis,8,0,8
Skin,1788,Superficial Mycoses,8,0,8
Skin,1788,Eosinophilic Dermatoses,6,0,6
Skin,1788,Lichen Planus & Lichenoid Dermatoses,6,0,6
Skin,1788,Neutrophilic Dermatoses,6,0,6
Skin,1788,Photosensitive Disorders,6,0,6
Skin,1788,Cutaneous Manifestations of Microvascular Occlusion Syndromes,5,0,5
Skin,1788,Other Papulosquamous Disorders,5,0,5
Skin,1788,Pemphigus,5,0,5
Skin,1788,Acne,4,0,4
Skin,1788,Skin Lesions,4,0,4
Skin,1788,Disorders of Hyperpigmentation,2,0,2
Skin,1788,Erythroderma,1,0,1
Skin,1788,Gram-Negative Infections - Other,1,0,1
Skin,1788,Gram-Negative Infections - Pseudomonal Infections,1,0,1
Skin,1788,Gram-Positive Infections - Corynebacterial Infections,1,0,1
Skin,1788,Gram-Positive Infections - Staphylococcal Infections,1,0,1
Skin,1788,Other Vesiculobullous Diseases,1,0,1
Skin,1788,Vitiligo & Other Disorders of Hypopigmentation,1,0,1
Gastroenterology,176,(sin sub-specialty),0,176,176
Cardiology,168,(sin sub-specialty),0,168,168
Obstetrics and gynecology,154,(sin sub-specialty),0,154,154
Neurology,150,(sin sub-specialty),0,150,150
Infectious diseases,147,(sin sub-specialty),0,147,147
Endocrinology,127,(sin sub-specialty),0,127,127
Emergency medicine,122,(sin sub-specialty),0,122,122
Hematology,108,(sin sub-specialty),0,108,108
Nephrology,98,(sin sub-specialty),0,98,98
Orthopedics,75,(sin sub-specialty),0,75,75
Respiratory medicine,74,(sin sub-specialty),0,74,74
Dermatology,69,(sin sub-specialty),0,69,69
Rheumatology,66,(sin sub-specialty),0,66,66
